id,"food","amount",cuisine_id,"created_at","updated_at"
0,"砂糖","適宣",1045,"0000-00-00 00:00:00","0000-00-00 00:00:00"
1,"キャベツ","８枚",1,"2017-10-24 09:36:39","2017-10-24 09:36:39"
2,"玉ねぎ","1/4個",1,"2017-10-24 09:36:39","2017-10-24 09:36:39"
3,"豚ひき肉","100g",1,"2017-10-24 09:36:39","2017-10-24 09:36:39"
4,"溶き卵","1/4個分",1,"2017-10-24 09:36:39","2017-10-24 09:36:39"
5,"片栗粉","大さじ１",1,"2017-10-24 09:36:39","2017-10-24 09:36:39"
6,"・酒、塩、しょうゆ","適宣",1,"2017-10-24 09:36:39","2017-10-24 09:36:39"
7,"卵","１個",2,"2017-10-24 09:36:39","2017-10-24 09:36:39"
8,"もめん豆腐","１丁",2,"2017-10-24 09:36:39","2017-10-24 09:36:39"
9,"・塩、ごま油、酒、こしょう","適宣",2,"2017-10-24 09:36:39","2017-10-24 09:36:39"
10,"ゴーヤー","１本",2,"2017-10-24 09:36:39","2017-10-24 09:36:39"
11,"・ごま油、砂糖、しょうゆ、酒","適宣",3,"2017-10-24 09:36:39","2017-10-24 09:36:39"
12,"ごぼう","150g",3,"2017-10-24 09:36:39","2017-10-24 09:36:39"
13,"にんじん","70g",3,"2017-10-24 09:36:39","2017-10-24 09:36:39"
14,"牛肉","150g",4,"0000-00-00 00:00:00","0000-00-00 00:00:00"
15,"とりむね肉","150g",4,"0000-00-00 00:00:00","0000-00-00 00:00:00"
16,"にんじん","１本",4,"0000-00-00 00:00:00","0000-00-00 00:00:00"
17,"かぶ","小２個",4,"0000-00-00 00:00:00","0000-00-00 00:00:00"
18,"にんにく","１片",4,"0000-00-00 00:00:00","0000-00-00 00:00:00"
19,"・塩、こしょう","適宣",4,"0000-00-00 00:00:00","0000-00-00 00:00:00"
20,"セロリ","１本",4,"0000-00-00 00:00:00","0000-00-00 00:00:00"
21,"玉ねぎ","小２個",4,"0000-00-00 00:00:00","0000-00-00 00:00:00"
22,"エリンギ","２本",4,"0000-00-00 00:00:00","0000-00-00 00:00:00"
23,"玉ねぎ","1/4個",5,"0000-00-00 00:00:00","0000-00-00 00:00:00"
24,"ご飯","茶碗１杯分",5,"0000-00-00 00:00:00","0000-00-00 00:00:00"
25,"・小麦粉、サラダ油、塩、こしょう、酒、しょうゆ、みりん、練りがらし","適宣",5,"0000-00-00 00:00:00","0000-00-00 00:00:00"
26,"豚肉","100g",5,"0000-00-00 00:00:00","0000-00-00 00:00:00"
27,"牛肉","100g",5,"0000-00-00 00:00:00","0000-00-00 00:00:00"
28,"ピーマン"," ６個",5,"0000-00-00 00:00:00","0000-00-00 00:00:00"
29,"サラダ油","小さじ２",6,"0000-00-00 00:00:00","0000-00-00 00:00:00"
30,"なす","４個",6,"0000-00-00 00:00:00","0000-00-00 00:00:00"
31,"豚肉","150g",6,"0000-00-00 00:00:00","0000-00-00 00:00:00"
32,"にんにく","１片分",6,"0000-00-00 00:00:00","0000-00-00 00:00:00"
33,"ねぎ","５cm分",6,"0000-00-00 00:00:00","0000-00-00 00:00:00"
34,"酢","小さじ１",6,"0000-00-00 00:00:00","0000-00-00 00:00:00"
35,"・サラダ油、ごま油","適宣",6,"0000-00-00 00:00:00","0000-00-00 00:00:00"
36,"・片栗粉","小さじ１",6,"0000-00-00 00:00:00","0000-00-00 00:00:00"
37,"ほうれん草","300g",7,"0000-00-00 00:00:00","0000-00-00 00:00:00"
38,"・塩、しょうゆ","適宣",7,"0000-00-00 00:00:00","0000-00-00 00:00:00"
39,"白菜","100g",8,"0000-00-00 00:00:00","0000-00-00 00:00:00"
40,"・サラダ油、ごま油","適宣",9,"2017-10-24 09:36:39","2017-10-24 09:36:39"
41,"なす","５個",9,"2017-10-24 09:36:39","2017-10-24 09:36:39"
42,"豚ひき肉","100g",9,"2017-10-24 09:36:39","2017-10-24 09:36:39"
43,"じゃがいも","250g",10,"0000-00-00 00:00:00","0000-00-00 00:00:00"
44,"きゅうり","１本",10,"0000-00-00 00:00:00","0000-00-00 00:00:00"
45,"玉ねぎ","1/4個",10,"0000-00-00 00:00:00","0000-00-00 00:00:00"
46,"ハム","２枚",10,"0000-00-00 00:00:00","0000-00-00 00:00:00"
47,"・塩、こしょう、酢","適宣",10,"0000-00-00 00:00:00","0000-00-00 00:00:00"
48,"にんじん","1/2本",10,"0000-00-00 00:00:00","0000-00-00 00:00:00"
49,"ハム","１枚",11,"0000-00-00 00:00:00","0000-00-00 00:00:00"
50,"にんじん","1/2本",11,"0000-00-00 00:00:00","0000-00-00 00:00:00"
51,"玉ねぎ","1/4個",11,"0000-00-00 00:00:00","0000-00-00 00:00:00"
52,"きゅうり","1/2本",11,"0000-00-00 00:00:00","0000-00-00 00:00:00"
53,"マカロニ","100g",11,"0000-00-00 00:00:00","0000-00-00 00:00:00"
54,"・マヨネーズ、塩、こしょう","適宣",11,"0000-00-00 00:00:00","0000-00-00 00:00:00"
55,"里いも","中３個",12,"0000-00-00 00:00:00","0000-00-00 00:00:00"
56,"玉ねぎ","1/3個",13,"0000-00-00 00:00:00","0000-00-00 00:00:00"
57,"レタス","２枚",14,"0000-00-00 00:00:00","0000-00-00 00:00:00"
58,"にんじん","1/2本",14,"0000-00-00 00:00:00","0000-00-00 00:00:00"
59,"豚肉","180g",14,"0000-00-00 00:00:00","0000-00-00 00:00:00"
60,"レタス","1/4個",15,"0000-00-00 00:00:00","0000-00-00 00:00:00"
61,"サラダ油","大さじ２",15,"0000-00-00 00:00:00","0000-00-00 00:00:00"
62,"いんげん","50g",15,"0000-00-00 00:00:00","0000-00-00 00:00:00"
63,"・塩、こしょう","適宣",15,"0000-00-00 00:00:00","0000-00-00 00:00:00"
64,"酢","大さじ1/2",15,"0000-00-00 00:00:00","0000-00-00 00:00:00"
67,"にんじん","１本",16,"0000-00-00 00:00:00","0000-00-00 00:00:00"
68,"レモン汁","大さじ２",16,"0000-00-00 00:00:00","0000-00-00 00:00:00"
69,"サラダ油","大さじ２",16,"0000-00-00 00:00:00","0000-00-00 00:00:00"
70,"・こしょう、塩","適宣",16,"0000-00-00 00:00:00","0000-00-00 00:00:00"
71,"キャベツ","150g",17,"0000-00-00 00:00:00","0000-00-00 00:00:00"
72,"白いりごま","大さじ1/2",17,"0000-00-00 00:00:00","0000-00-00 00:00:00"
73,"・塩、ごま油","適宣",17,"0000-00-00 00:00:00","0000-00-00 00:00:00"
74,"かぼちゃ","120g",18,"0000-00-00 00:00:00","0000-00-00 00:00:00"
75,"きゅうり","50g",18,"0000-00-00 00:00:00","0000-00-00 00:00:00"
76,"・塩、こしょう","各少々",18,"0000-00-00 00:00:00","0000-00-00 00:00:00"
77,"ほうれん草","1/2わ",19,"0000-00-00 00:00:00","0000-00-00 00:00:00"
78,"・塩、酢","適宣",19,"0000-00-00 00:00:00","0000-00-00 00:00:00"
79,"とうもろこし","大さじ３",19,"0000-00-00 00:00:00","0000-00-00 00:00:00"
80,"大根","20g",20,"0000-00-00 00:00:00","0000-00-00 00:00:00"
81,"塩","適宣",20,"0000-00-00 00:00:00","0000-00-00 00:00:00"
82,"にんじん","1/3本",20,"0000-00-00 00:00:00","0000-00-00 00:00:00"
83,"ミニトマト","10個",21,"0000-00-00 00:00:00","0000-00-00 00:00:00"
84,"枝豆","130g",22,"0000-00-00 00:00:00","0000-00-00 00:00:00"
85,"玉ねぎ","小1/2個",22,"0000-00-00 00:00:00","0000-00-00 00:00:00"
86,"大根","200g",23,"0000-00-00 00:00:00","0000-00-00 00:00:00"
87,"ごま油","小さじ２",23,"0000-00-00 00:00:00","0000-00-00 00:00:00"
88,"ポン酢じょうゆ","大さじ２",23,"0000-00-00 00:00:00","0000-00-00 00:00:00"
89,"ベーコン","３枚",25,"0000-00-00 00:00:00","0000-00-00 00:00:00"
90,"レタス","120g",25,"0000-00-00 00:00:00","0000-00-00 00:00:00"
91,"粉チーズ","大さじ１",25,"0000-00-00 00:00:00","0000-00-00 00:00:00"
92,"牛乳","大さじ1/2",25,"0000-00-00 00:00:00","0000-00-00 00:00:00"
93,"酢","小さじ１",25,"0000-00-00 00:00:00","0000-00-00 00:00:00"
94,"粗びき黒こしょう","適宣",25,"0000-00-00 00:00:00","0000-00-00 00:00:00"
95,"・ウスターソース、塩、こしょう","各少々",25,"0000-00-00 00:00:00","0000-00-00 00:00:00"
100,"とりもも肉","100g",28,"0000-00-00 00:00:00","0000-00-00 00:00:00"
101,"しいたけ","３枚",28,"0000-00-00 00:00:00","0000-00-00 00:00:00"
102,"里いも","200g",28,"0000-00-00 00:00:00","0000-00-00 00:00:00"
103,"れんこん","150g",28,"0000-00-00 00:00:00","0000-00-00 00:00:00"
104,"にんじん","50g",28,"0000-00-00 00:00:00","0000-00-00 00:00:00"
105,"・砂糖、しょうゆ","大さじ１",28,"0000-00-00 00:00:00","0000-00-00 00:00:00"
106,"・酒","大さじ１",28,"0000-00-00 00:00:00","0000-00-00 00:00:00"
107,"・塩","少々",28,"0000-00-00 00:00:00","0000-00-00 00:00:00"
108,"卵","１個",40,"0000-00-00 00:00:00","0000-00-00 00:00:00"
109,"ごま油","大さじ１",40,"0000-00-00 00:00:00","0000-00-00 00:00:00"
110,"・小麦粉、片栗粉","大さじ３",40,"0000-00-00 00:00:00","0000-00-00 00:00:00"
111,"とりもも肉","300g",40,"0000-00-00 00:00:00","0000-00-00 00:00:00"
112,"砂糖","小さじ２",40,"0000-00-00 00:00:00","0000-00-00 00:00:00"
113,"塩","小さじ２",40,"0000-00-00 00:00:00","0000-00-00 00:00:00"
114,"酒","大さじ１",40,"0000-00-00 00:00:00","0000-00-00 00:00:00"
115,"粗挽き黒こしょう","少々",40,"0000-00-00 00:00:00","0000-00-00 00:00:00"
116,"レモン","大さじ１",40,"0000-00-00 00:00:00","0000-00-00 00:00:00"
117,"卵","１個",41,"0000-00-00 00:00:00","0000-00-00 00:00:00"
118,"・小麦粉、片栗粉","大さじ３",41,"0000-00-00 00:00:00","0000-00-00 00:00:00"
119,"ごま油","大さじ１",41,"0000-00-00 00:00:00","0000-00-00 00:00:00"
120,"とりもも肉","300g",41,"0000-00-00 00:00:00","0000-00-00 00:00:00"
121,"砂糖","小さじ２",41,"0000-00-00 00:00:00","0000-00-00 00:00:00"
122,"塩","小さじ２",41,"0000-00-00 00:00:00","0000-00-00 00:00:00"
123,"酒","大さじ１",41,"0000-00-00 00:00:00","0000-00-00 00:00:00"
124,"大根","1/2カップ",41,"0000-00-00 00:00:00","0000-00-00 00:00:00"
125,"粗挽き黒こしょう","少々",41,"0000-00-00 00:00:00","0000-00-00 00:00:00"
126,"　・しょうゆ、酢","適宣",41,"0000-00-00 00:00:00","0000-00-00 00:00:00"
127,"キャベツ","300g",42,"0000-00-00 00:00:00","0000-00-00 00:00:00"
128,"にら","1/5束",42,"0000-00-00 00:00:00","0000-00-00 00:00:00"
129,"ねぎ","1/4本",42,"0000-00-00 00:00:00","0000-00-00 00:00:00"
130,"豚ひき肉","100g",42,"0000-00-00 00:00:00","0000-00-00 00:00:00"
131,"ごま油","大さじ１",42,"0000-00-00 00:00:00","0000-00-00 00:00:00"
132,"サラダ油","大さじ１",42,"0000-00-00 00:00:00","0000-00-00 00:00:00"
133,"・塩、砂糖、しょうゆ、酒、こしょう","適宣",42,"0000-00-00 00:00:00","0000-00-00 00:00:00"
134,"豚肉","200g",43,"0000-00-00 00:00:00","0000-00-00 00:00:00"
135,"キャベツ","200g",43,"0000-00-00 00:00:00","0000-00-00 00:00:00"
136,"ねぎ","１本",44,"0000-00-00 00:00:00","0000-00-00 00:00:00"
137,"しょうが","１かけ",44,"0000-00-00 00:00:00","0000-00-00 00:00:00"
138,"キャベツ","２枚",44,"0000-00-00 00:00:00","0000-00-00 00:00:00"
139,"豚肉","200g",44,"0000-00-00 00:00:00","0000-00-00 00:00:00"
140,"ごま油","大さじ１",44,"0000-00-00 00:00:00","0000-00-00 00:00:00"
141,"・しょうゆ、酒、こしょう","適宣",44,"0000-00-00 00:00:00","0000-00-00 00:00:00"
142,"しいたけ","２枚",44,"0000-00-00 00:00:00","0000-00-00 00:00:00"
143,"キャベツ","200g",45,"0000-00-00 00:00:00","0000-00-00 00:00:00"
144,"きゅうり","1/3本",45,"0000-00-00 00:00:00","0000-00-00 00:00:00"
145,"・サラダ油、しょうゆ","適宣",45,"0000-00-00 00:00:00","0000-00-00 00:00:00"
146,"豚肉","200g",45,"0000-00-00 00:00:00","0000-00-00 00:00:00"
147,"玉ねぎ","50g",45,"0000-00-00 00:00:00","0000-00-00 00:00:00"
148,"じゃがいも","２個",46,"0000-00-00 00:00:00","0000-00-00 00:00:00"
149,"にんじん","1/2本",46,"0000-00-00 00:00:00","0000-00-00 00:00:00"
150,"牛肉","150g",46,"0000-00-00 00:00:00","0000-00-00 00:00:00"
151,"玉ねぎ","１個",46,"0000-00-00 00:00:00","0000-00-00 00:00:00"
152,"サラダ油","大さじ１",46,"0000-00-00 00:00:00","0000-00-00 00:00:00"
153,"・酒、砂糖、しょうゆ、塩","適宣",46,"0000-00-00 00:00:00","0000-00-00 00:00:00"
154,"・酒、しょうゆ","小さじ１",47,"0000-00-00 00:00:00","0000-00-00 00:00:00"
155,"片栗粉","小さじ１",47,"0000-00-00 00:00:00","0000-00-00 00:00:00"
156,"豚肉","160g",47,"0000-00-00 00:00:00","0000-00-00 00:00:00"
157,"玉ねぎ","1/4個",47,"0000-00-00 00:00:00","0000-00-00 00:00:00"
158,"ピーマン","１個",47,"0000-00-00 00:00:00","0000-00-00 00:00:00"
159,"・酒、しょうゆ、片栗粉","小さじ１",47,"0000-00-00 00:00:00","0000-00-00 00:00:00"
160,"  黒こしょう","少々",47,"0000-00-00 00:00:00","0000-00-00 00:00:00"
161,"大根","650g",48,"0000-00-00 00:00:00","0000-00-00 00:00:00"
162,"・しょうゆ、みりん","大さじ２",48,"0000-00-00 00:00:00","0000-00-00 00:00:00"
163,"砂糖","大さじ1/2",48,"0000-00-00 00:00:00","0000-00-00 00:00:00"
164,"豚肉","150h",48,"0000-00-00 00:00:00","0000-00-00 00:00:00"
165,"豚肉","200g",49,"0000-00-00 00:00:00","0000-00-00 00:00:00"
166,"ねぎ","1/2本",49,"0000-00-00 00:00:00","0000-00-00 00:00:00"
167,"レモン汁","大さじ２",49,"0000-00-00 00:00:00","0000-00-00 00:00:00"
168,"塩","小さじ１",49,"0000-00-00 00:00:00","0000-00-00 00:00:00"
169,"黒こしょう","適宣",49,"0000-00-00 00:00:00","0000-00-00 00:00:00"
170,"サラダ油","適宣",49,"0000-00-00 00:00:00","0000-00-00 00:00:00"
171," 豚肉","200g",50,"0000-00-00 00:00:00","0000-00-00 00:00:00"
172,"もやし","１袋",50,"0000-00-00 00:00:00","0000-00-00 00:00:00"
173,"にら","１わ",50,"0000-00-00 00:00:00","0000-00-00 00:00:00"
174,"・みりん、みそ","大さじ１",50,"0000-00-00 00:00:00","0000-00-00 00:00:00"
175,"しょうゆ","大さじ1/2",50,"0000-00-00 00:00:00","0000-00-00 00:00:00"
176,"砂糖","小さじ１",50,"0000-00-00 00:00:00","0000-00-00 00:00:00"
177,"・サラダ油、塩","適宣",50,"0000-00-00 00:00:00","0000-00-00 00:00:00"
178,"豚肉","150g",51,"0000-00-00 00:00:00","0000-00-00 00:00:00"
179,"小松菜","2/3わ",51,"0000-00-00 00:00:00","0000-00-00 00:00:00"
180,"ねぎ","1/2本",51,"0000-00-00 00:00:00","0000-00-00 00:00:00"
181,"・塩、こしょう、サラダ油、酒、砂糖、しょうゆ、ごま油","適宣",51,"0000-00-00 00:00:00","0000-00-00 00:00:00"
182,"酒","１カップ",52,"0000-00-00 00:00:00","0000-00-00 00:00:00"
183,"砂糖","大さじ３",52,"0000-00-00 00:00:00","0000-00-00 00:00:00"
184,"にんにく","１片",52,"0000-00-00 00:00:00","0000-00-00 00:00:00"
185,"サラダ油","小さじ１",52,"0000-00-00 00:00:00","0000-00-00 00:00:00"
186,"しょうゆ","大さじ６",52,"0000-00-00 00:00:00","0000-00-00 00:00:00"
187,"豚肉","450g",52,"0000-00-00 00:00:00","0000-00-00 00:00:00"
188,"豚肉","400g",53,"0000-00-00 00:00:00","0000-00-00 00:00:00"
189,"・サラダ油、酒、砂糖、しょうゆ","適宣",53,"0000-00-00 00:00:00","0000-00-00 00:00:00"
190,"豚肉","６枚",54,"0000-00-00 00:00:00","0000-00-00 00:00:00"
191,"チーズ","３枚",54,"0000-00-00 00:00:00","0000-00-00 00:00:00"
192,"小麦粉","適宣",54,"0000-00-00 00:00:00","0000-00-00 00:00:00"
193,"溶き卵","適宣",54,"0000-00-00 00:00:00","0000-00-00 00:00:00"
194,"豚肉","２枚",55,"0000-00-00 00:00:00","0000-00-00 00:00:00"
195,"塩","少々",55,"0000-00-00 00:00:00","0000-00-00 00:00:00"
196,"こしょう","少々",55,"0000-00-00 00:00:00","0000-00-00 00:00:00"
197,"小麦粉","大さじ１",55,"0000-00-00 00:00:00","0000-00-00 00:00:00"
198,"バター","大さじ３",55,"0000-00-00 00:00:00","0000-00-00 00:00:00"
199,"・こしょう、しょうゆ","適宣",55,"0000-00-00 00:00:00","0000-00-00 00:00:00"
200,"豚肉","２枚",56,"0000-00-00 00:00:00","0000-00-00 00:00:00"
201,"レタス","３枚",56,"0000-00-00 00:00:00","0000-00-00 00:00:00"
202,"・酒、しょうゆ","小さじ１",56,"0000-00-00 00:00:00","0000-00-00 00:00:00"
203,"塩","小さじ1/2",56,"0000-00-00 00:00:00","0000-00-00 00:00:00"
204,"こしょう","適宣",57,"0000-00-00 00:00:00","0000-00-00 00:00:00"
205,"サラダ油","適宣",57,"0000-00-00 00:00:00","0000-00-00 00:00:00"
206,"塩","小さじ１",57,"0000-00-00 00:00:00","0000-00-00 00:00:00"
207,"レモン汁","大さじ２",57,"0000-00-00 00:00:00","0000-00-00 00:00:00"
208,"豚肉","200g",57,"0000-00-00 00:00:00","0000-00-00 00:00:00"
209,"ねぎ","1/2本",57,"0000-00-00 00:00:00","0000-00-00 00:00:00"
210,"ごま油","大さじ３",57,"0000-00-00 00:00:00","0000-00-00 00:00:00"
212,"酒","大さじ１",58,"0000-00-00 00:00:00","0000-00-00 00:00:00"
213,"塩","小さじ1/3",58,"0000-00-00 00:00:00","0000-00-00 00:00:00"
214,"こしょう","少々",58,"0000-00-00 00:00:00","0000-00-00 00:00:00"
215,"卵","１個",58,"0000-00-00 00:00:00","0000-00-00 00:00:00"
216,"レタス","３枚",58,"0000-00-00 00:00:00","0000-00-00 00:00:00"
217,"酢","大さじ1/2",58,"0000-00-00 00:00:00","0000-00-00 00:00:00"
218,"砂糖","小さじ２",58,"0000-00-00 00:00:00","0000-00-00 00:00:00"
219,"玉ねぎ","1/8個",58,"0000-00-00 00:00:00","0000-00-00 00:00:00"
220,"牛乳","大さじ1/2",58,"0000-00-00 00:00:00","0000-00-00 00:00:00"
221,"・塩、こしょう","少々",58,"0000-00-00 00:00:00","0000-00-00 00:00:00"
222,"小麦粉","適宣",58,"0000-00-00 00:00:00","0000-00-00 00:00:00"
223,"とりむね肉","250g",58,"0000-00-00 00:00:00","0000-00-00 00:00:00"
224,"とり手羽先","８本",59,"0000-00-00 00:00:00","0000-00-00 00:00:00"
225,"しょうゆ","大さじ１",59,"0000-00-00 00:00:00","0000-00-00 00:00:00"
226,"・砂糖、みりん","大さじ1/2",59,"0000-00-00 00:00:00","0000-00-00 00:00:00"
227,"・塩、こしょう、小麦粉、揚げ油","適宣",59,"0000-00-00 00:00:00","0000-00-00 00:00:00"
228,"サラダ油","適宣",60,"0000-00-00 00:00:00","0000-00-00 00:00:00"
229,"とりもも肉","250g",60,"0000-00-00 00:00:00","0000-00-00 00:00:00"
230,"玉ねぎ","1/4個",60,"0000-00-00 00:00:00","0000-00-00 00:00:00"
231,"ピーマン","２個",60,"0000-00-00 00:00:00","0000-00-00 00:00:00"
232,"・酒、片栗粉","大さじ１",60,"0000-00-00 00:00:00","0000-00-00 00:00:00"
233,"・トマトケチャップ、酢","大さじ１",60,"0000-00-00 00:00:00","0000-00-00 00:00:00"
234,"・しょうゆ、砂糖","小さじ１",60,"0000-00-00 00:00:00","0000-00-00 00:00:00"
235,"とりもも肉","２枚",61,"0000-00-00 00:00:00","0000-00-00 00:00:00"
236,"にんにく","１片",61,"0000-00-00 00:00:00","0000-00-00 00:00:00"
237,"・塩、酒、片栗粉、揚げ油","適宣",61,"0000-00-00 00:00:00","0000-00-00 00:00:00"
238,"牛肉","200g",62,"0000-00-00 00:00:00","0000-00-00 00:00:00"
239,"にんにく","１かけ",62,"0000-00-00 00:00:00","0000-00-00 00:00:00"
240,"・塩、黒こしょう、サラダ油、バター","適宣",62,"0000-00-00 00:00:00","0000-00-00 00:00:00"
241,"牛肉","２片",63,"0000-00-00 00:00:00","0000-00-00 00:00:00"
242,"揚げ油","適宣",63,"0000-00-00 00:00:00","0000-00-00 00:00:00"
243,"サラダ油","大さじ２",63,"0000-00-00 00:00:00","0000-00-00 00:00:00"
244,"塩","適宣",63,"0000-00-00 00:00:00","0000-00-00 00:00:00"
245,"こしょう","適宣",63,"0000-00-00 00:00:00","0000-00-00 00:00:00"
246,"・塩、こしょう、砂糖、バター","適宣",64,"0000-00-00 00:00:00","0000-00-00 00:00:00"
247,"牛肉","２枚",64,"0000-00-00 00:00:00","0000-00-00 00:00:00"
248,"牛肉","200g",65,"0000-00-00 00:00:00","0000-00-00 00:00:00"
249,"にんにく","150g",65,"0000-00-00 00:00:00","0000-00-00 00:00:00"
250,"・塩、こしょう、サラダ油、しょうゆ","適宣",65,"0000-00-00 00:00:00","0000-00-00 00:00:00"
251,"豚肉","450g",66,"0000-00-00 00:00:00","0000-00-00 00:00:00"
252,"・塩、砂糖、こしょう","適宣",66,"0000-00-00 00:00:00","0000-00-00 00:00:00"
253,"にんにく","1/2片",66,"0000-00-00 00:00:00","0000-00-00 00:00:00"
254,"牛肉","200g",67,"0000-00-00 00:00:00","0000-00-00 00:00:00"
255,"玉ねぎ","1/4個",67,"0000-00-00 00:00:00","0000-00-00 00:00:00"
256,"にんにく","１片",67,"0000-00-00 00:00:00","0000-00-00 00:00:00"
257,"　・酒、しょうゆ","大さじ２",67,"0000-00-00 00:00:00","0000-00-00 00:00:00"
258,"サラダ油","大さじ１",67,"0000-00-00 00:00:00","0000-00-00 00:00:00"
259,"豆腐","300g",68,"0000-00-00 00:00:00","0000-00-00 00:00:00"
260,"卵","３個",68,"0000-00-00 00:00:00","0000-00-00 00:00:00"
261,"・こしょう、酒、塩、しょうゆ、みりん","適宣",68,"0000-00-00 00:00:00","0000-00-00 00:00:00"
262,"牛肉","150g",68,"0000-00-00 00:00:00","0000-00-00 00:00:00"
263,"玉ねぎ","1/4個",68,"0000-00-00 00:00:00","0000-00-00 00:00:00"
264,"白菜","４枚",68,"0000-00-00 00:00:00","0000-00-00 00:00:00"
265,"しいたけ","４枚",68,"0000-00-00 00:00:00","0000-00-00 00:00:00"
267,"ねぎ","１本",68,"0000-00-00 00:00:00","0000-00-00 00:00:00"
268,"玉ねぎ","1/2個",69,"0000-00-00 00:00:00","0000-00-00 00:00:00"
269,"バター","大さじ１",69,"0000-00-00 00:00:00","0000-00-00 00:00:00"
270,"豚肉","75g",69,"0000-00-00 00:00:00","0000-00-00 00:00:00"
271,"牛肉","75g",69,"0000-00-00 00:00:00","0000-00-00 00:00:00"
272,"卵","１個",69,"0000-00-00 00:00:00","0000-00-00 00:00:00"
304,"こしょう","少々",56,"0000-00-00 00:00:00","0000-00-00 00:00:00"
2341,"豚とんカツ用肉","２枚",1011,"2017-10-24 09:36:42","2017-10-24 09:36:42"
2351,"サニーレタス","３～４枚",1011,"2017-10-24 09:36:42","2017-10-24 09:36:42"
2361,"　・はちみつ、粒マスタード","各大さじ１",1011,"2017-10-24 09:36:42","2017-10-24 09:36:42"
2371,"　・酒、しょうゆ","各小さじ１",1011,"2017-10-24 09:36:42","2017-10-24 09:36:42"
2381,"　・塩","小さじ1/2",1011,"2017-10-24 09:36:42","2017-10-24 09:36:42"
2391,"　・こしょう","少々",1011,"2017-10-24 09:36:42","2017-10-24 09:36:42"
33371,"玉ねぎ","１個",70,"0000-00-00 00:00:00","0000-00-00 00:00:00"
33431,"サラダ油","大さじ１",69,"0000-00-00 00:00:00","0000-00-00 00:00:00"
33441,"・塩、こしょう、砂糖","適宣",69,"0000-00-00 00:00:00","0000-00-00 00:00:00"
33451,"豚肉","400g",70,"0000-00-00 00:00:00","0000-00-00 00:00:00"
33461,"卵","１個",70,"0000-00-00 00:00:00","0000-00-00 00:00:00"
33471,"牛乳","1/2カップ",70,"0000-00-00 00:00:00","0000-00-00 00:00:00"
33481,"・バター、パン粉、塩、こしょう、サラダ油","適宣",70,"0000-00-00 00:00:00","0000-00-00 00:00:00"
33491,"しいたけ","２枚",70,"0000-00-00 00:00:00","0000-00-00 00:00:00"
33501,"玉ねぎ","1/2個",70,"0000-00-00 00:00:00","0000-00-00 00:00:00"
33511,"みりん","大さじ１",70,"0000-00-00 00:00:00","0000-00-00 00:00:00"
33521,"ウスターソース","大さじ1/2",70,"0000-00-00 00:00:00","0000-00-00 00:00:00"
33531,"しょうゆ","小さじ1/2",70,"0000-00-00 00:00:00","0000-00-00 00:00:00"
33541,"バター","適宣",70,"0000-00-00 00:00:00","0000-00-00 00:00:00"
33551,"豚肉","125g",74,"0000-00-00 00:00:00","0000-00-00 00:00:00"
33561,"牛肉","125g",74,"0000-00-00 00:00:00","0000-00-00 00:00:00"
33571,"玉ねぎ","1/3個",74,"0000-00-00 00:00:00","0000-00-00 00:00:00"
33581,"オリーブ油","小さじ２",74,"0000-00-00 00:00:00","0000-00-00 00:00:00"
33591,"塩","小さじ1/4",74,"0000-00-00 00:00:00","0000-00-00 00:00:00"
33601,"チーズ","大さじ３",74,"0000-00-00 00:00:00","0000-00-00 00:00:00"
33611,"こしょう","少々",74,"0000-00-00 00:00:00","0000-00-00 00:00:00"
33621,"ソース","大さじ１",74,"0000-00-00 00:00:00","0000-00-00 00:00:00"
33631,"牛肉","100g",73,"0000-00-00 00:00:00","0000-00-00 00:00:00"
33641,"豚肉","100g",73,"0000-00-00 00:00:00","0000-00-00 00:00:00"
33651,"玉ねぎ","1/4個",73,"0000-00-00 00:00:00","0000-00-00 00:00:00"
33661,"にんにく","１片",73,"0000-00-00 00:00:00","0000-00-00 00:00:00"
33671,"バター","20g",73,"0000-00-00 00:00:00","0000-00-00 00:00:00"
33681,"オリーブ油","適宣",73,"0000-00-00 00:00:00","0000-00-00 00:00:00"
33691,"塩","適宣",73,"0000-00-00 00:00:00","0000-00-00 00:00:00"
33701,"こしょう","適宣",73,"0000-00-00 00:00:00","0000-00-00 00:00:00"
33711,"豆腐","200g",71,"0000-00-00 00:00:00","0000-00-00 00:00:00"
33721,"牛肉","100g",71,"0000-00-00 00:00:00","0000-00-00 00:00:00"
33731,"豚肉","100g",71,"0000-00-00 00:00:00","0000-00-00 00:00:00"
33741,"卵","1/2個",71,"0000-00-00 00:00:00","0000-00-00 00:00:00"
33751,"片栗粉","大さじ１",71,"0000-00-00 00:00:00","0000-00-00 00:00:00"
33761,"玉ねぎ","１個",1008,"0000-00-00 00:00:00","0000-00-00 00:00:00"
33771,"塩","小さじ1/2",71,"0000-00-00 00:00:00","0000-00-00 00:00:00"
33781,"酒","大さじ1/2",71,"0000-00-00 00:00:00","0000-00-00 00:00:00"
33791,"大根","５cm",71,"0000-00-00 00:00:00","0000-00-00 00:00:00"
33801,"・オリーブ油、塩、こしょう、サラダ油、しょうゆ、酒、みりん、砂糖","適宣",71,"0000-00-00 00:00:00","0000-00-00 00:00:00"
33811,"豚肉","100g",72,"0000-00-00 00:00:00","0000-00-00 00:00:00"
33821,"牛肉","100g",72,"0000-00-00 00:00:00","0000-00-00 00:00:00"
33831,"卵","１個",72,"0000-00-00 00:00:00","0000-00-00 00:00:00"
33841,"大根","大さじ３",72,"0000-00-00 00:00:00","0000-00-00 00:00:00"
33851,"サラダ油","小さじ２",72,"0000-00-00 00:00:00","0000-00-00 00:00:00"
33861,"塩","少々",72,"0000-00-00 00:00:00","0000-00-00 00:00:00"
33871,"こしょう","少々",72,"0000-00-00 00:00:00","0000-00-00 00:00:00"
33881,"豚肉","150g",75,"0000-00-00 00:00:00","0000-00-00 00:00:00"
33891,"キャベツ","300g",75,"0000-00-00 00:00:00","0000-00-00 00:00:00"
33901,"ピーマン","２個",75,"0000-00-00 00:00:00","0000-00-00 00:00:00"
33911,"ねぎ","10cm",75,"0000-00-00 00:00:00","0000-00-00 00:00:00"
33921,"にんにく","１片",75,"0000-00-00 00:00:00","0000-00-00 00:00:00"
33931,"・みそ、砂糖","大さじ２",75,"0000-00-00 00:00:00","0000-00-00 00:00:00"
33941,"・酒、しょうゆ","大さじ１",75,"0000-00-00 00:00:00","0000-00-00 00:00:00"
33951,"ごま油","小さじ２",75,"0000-00-00 00:00:00","0000-00-00 00:00:00"
33961,"こしょう","少々",75,"0000-00-00 00:00:00","0000-00-00 00:00:00"
33971,"とりもも肉","300g",76,"0000-00-00 00:00:00","0000-00-00 00:00:00"
33981,"・酒、しょうゆ","大さじ1/2",76,"0000-00-00 00:00:00","0000-00-00 00:00:00"
33991,"ねぎ","5cm",76,"0000-00-00 00:00:00","0000-00-00 00:00:00"
34001,"にんにく","１片",76,"0000-00-00 00:00:00","0000-00-00 00:00:00"
34011,"・しょうゆ、酢","大さじ１",76,"0000-00-00 00:00:00","0000-00-00 00:00:00"
34021,"・砂糖、ごま油","小さじ1/2",76,"0000-00-00 00:00:00","0000-00-00 00:00:00"
34031,"ご飯","140g",1000,"0000-00-00 00:00:00","0000-00-00 00:00:00"
34041,"ご飯","300g",1017,"0000-00-00 00:00:00","0000-00-00 00:00:00"
34051,"酢","小さじ５",1017,"0000-00-00 00:00:00","0000-00-00 00:00:00"
34061,"砂糖","小さじ２",1017,"0000-00-00 00:00:00","0000-00-00 00:00:00"
34071,"塩","小さじ1/2",1017,"0000-00-00 00:00:00","0000-00-00 00:00:00"
34081,"砂糖","大さじ３",1017,"0000-00-00 00:00:00","0000-00-00 00:00:00"
34091,"しょうゆ","大さじ２",1017,"0000-00-00 00:00:00","0000-00-00 00:00:00"
34101,"みりん","大さじ１",1017,"0000-00-00 00:00:00","0000-00-00 00:00:00"
34111,"ご飯","150g",1001,"0000-00-00 00:00:00","0000-00-00 00:00:00"
34121,"わかめ","15g",1001,"0000-00-00 00:00:00","0000-00-00 00:00:00"
34131,"米","２カップ",1002,"0000-00-00 00:00:00","0000-00-00 00:00:00"
34141,"あさり","300g",1002,"0000-00-00 00:00:00","0000-00-00 00:00:00"
34151,"・酒、しょうゆ","小さじ１",1002,"0000-00-00 00:00:00","0000-00-00 00:00:00"
34161,"豚肉","100g",1003,"0000-00-00 00:00:00","0000-00-00 00:00:00"
34171,"じゃがいも","３個",1043,"0000-00-00 00:00:00","0000-00-00 00:00:00"
34181,"にんじん","1/2本",1003,"0000-00-00 00:00:00","0000-00-00 00:00:00"
34191,"玉ねぎ","小１個",1003,"0000-00-00 00:00:00","0000-00-00 00:00:00"
34201,"にんにく","２片",1003,"0000-00-00 00:00:00","0000-00-00 00:00:00"
34211,"ご飯","茶碗３杯分",1003,"0000-00-00 00:00:00","0000-00-00 00:00:00"
34221,"・バター、しょうゆ","適宣",1003,"0000-00-00 00:00:00","0000-00-00 00:00:00"
34231,"とりもも肉","250g",1004,"0000-00-00 00:00:00","0000-00-00 00:00:00"
34241,"玉ねぎ","1/2個",1004,"0000-00-00 00:00:00","0000-00-00 00:00:00"
34251,"トマト","１個",1004,"0000-00-00 00:00:00","0000-00-00 00:00:00"
34261,"にんにく","１片",1004,"0000-00-00 00:00:00","0000-00-00 00:00:00"
34271,"ご飯","２皿分",1004,"0000-00-00 00:00:00","0000-00-00 00:00:00"
34281,"・バター、しょうゆ、粗びき黒こしょう","適宣",1004,"0000-00-00 00:00:00","0000-00-00 00:00:00"
34291,"牛肉","100g",1005,"0000-00-00 00:00:00","0000-00-00 00:00:00"
34301,"豚肉","100g",1005,"0000-00-00 00:00:00","0000-00-00 00:00:00"
34311,"ピーマン","２個",1005,"0000-00-00 00:00:00","0000-00-00 00:00:00"
34321,"玉ねぎ","1/2個",1005,"0000-00-00 00:00:00","0000-00-00 00:00:00"
34331,"にんじん","1/3本",1005,"0000-00-00 00:00:00","0000-00-00 00:00:00"
34341,"セロリ","1/2本",1005,"0000-00-00 00:00:00","0000-00-00 00:00:00"
34351,"にんにく","１片",1005,"0000-00-00 00:00:00","0000-00-00 00:00:00"
34361,"卵","２個",1005,"0000-00-00 00:00:00","0000-00-00 00:00:00"
34371,"キャベツ","1/3個",1005,"0000-00-00 00:00:00","0000-00-00 00:00:00"
34381,"ご飯","２杯",1005,"0000-00-00 00:00:00","0000-00-00 00:00:00"
34391,"・サラダ油、トマトケチャップ、ウスターソース、しょうゆ","適宣",1005,"0000-00-00 00:00:00","0000-00-00 00:00:00"
34401,"牛肉","50g",1006,"0000-00-00 00:00:00","0000-00-00 00:00:00"
34411,"豚肉","50g",1006,"0000-00-00 00:00:00","0000-00-00 00:00:00"
34421,"玉ねぎ","１個",1006,"0000-00-00 00:00:00","0000-00-00 00:00:00"
34431,"にんじん","1/2本",1006,"0000-00-00 00:00:00","0000-00-00 00:00:00"
34441,"セロリ","1/2本",1006,"0000-00-00 00:00:00","0000-00-00 00:00:00"
34451,"ねぎ","１本",1006,"0000-00-00 00:00:00","0000-00-00 00:00:00"
34461,"にんにく","１片",1006,"0000-00-00 00:00:00","0000-00-00 00:00:00"
34471,"しょうが","10g",1006,"0000-00-00 00:00:00","0000-00-00 00:00:00"
34481,"ご飯","茶碗２杯分",1006,"0000-00-00 00:00:00","0000-00-00 00:00:00"
34491,"・塩、こしょう","適宣",1006,"0000-00-00 00:00:00","0000-00-00 00:00:00"
34501,"えび","６尾",1007,"0000-00-00 00:00:00","0000-00-00 00:00:00"
34511,"いか","１ぱい",1007,"0000-00-00 00:00:00","0000-00-00 00:00:00"
34521,"あさり","１パック",1006,"0000-00-00 00:00:00","0000-00-00 00:00:00"
34531,"牛乳","１カップ",1007,"0000-00-00 00:00:00","0000-00-00 00:00:00"
34541,"生クリーム","1/2カップ",1007,"0000-00-00 00:00:00","0000-00-00 00:00:00"
34551,"ねぎ","１本",1007,"0000-00-00 00:00:00","0000-00-00 00:00:00"
34561,"セロリ","１本",1007,"0000-00-00 00:00:00","0000-00-00 00:00:00"
34571,"トマト","200g",1007,"0000-00-00 00:00:00","0000-00-00 00:00:00"
34581,"ご飯","茶碗２杯分",1007,"0000-00-00 00:00:00","0000-00-00 00:00:00"
34591,"・オリーブ油、塩、こしょう","適宣",1007,"0000-00-00 00:00:00","0000-00-00 00:00:00"
34601,"牛肉","250g",1008,"0000-00-00 00:00:00","0000-00-00 00:00:00"
34611,"じゃがいも","１個",1008,"0000-00-00 00:00:00","0000-00-00 00:00:00"
34621,"セロリ","1/2本",1008,"0000-00-00 00:00:00","0000-00-00 00:00:00"
34631,"ご飯","茶碗２杯分",1008,"0000-00-00 00:00:00","0000-00-00 00:00:00"
34641,"・塩、こしょう、小麦粉、サラダ油","適宣",1008,"0000-00-00 00:00:00","0000-00-00 00:00:00"
34651,"豚肉","300g",1009,"0000-00-00 00:00:00","0000-00-00 00:00:00"
34661,"玉ねぎ","１個",1009,"0000-00-00 00:00:00","0000-00-00 00:00:00"
34671,"にんじん","１本",1009,"0000-00-00 00:00:00","0000-00-00 00:00:00"
34681,"じゃがいも","２個",1009,"0000-00-00 00:00:00","0000-00-00 00:00:00"
34691,"ピーマン","２個",1009,"0000-00-00 00:00:00","0000-00-00 00:00:00"
34701,"トマト","１個",1009,"0000-00-00 00:00:00","0000-00-00 00:00:00"
34711,"にんにく","１片",1009,"0000-00-00 00:00:00","0000-00-00 00:00:00"
34721,"しょうが","1/2片",1009,"0000-00-00 00:00:00","0000-00-00 00:00:00"
34731,"ご飯","２皿分",1009,"0000-00-00 00:00:00","0000-00-00 00:00:00"
34741,"・サラダ油、塩、こしょう","適宣",1009,"0000-00-00 00:00:00","0000-00-00 00:00:00"
34751,"牛肉","600g",1010,"0000-00-00 00:00:00","0000-00-00 00:00:00"
34761,"にんにく","２片",1010,"0000-00-00 00:00:00","0000-00-00 00:00:00"
34771,"玉ねぎ","２個",1010,"0000-00-00 00:00:00","0000-00-00 00:00:00"
34781,"にんじん","２本",1010,"0000-00-00 00:00:00","0000-00-00 00:00:00"
34791,"セロリ","３本",1010,"0000-00-00 00:00:00","0000-00-00 00:00:00"
34801,"・塩、こしょう、オリーブ油","適宣",1010,"0000-00-00 00:00:00","0000-00-00 00:00:00"
34811,"ご飯","茶碗２杯分",1010,"0000-00-00 00:00:00","0000-00-00 00:00:00"
34821,"酒","１カップ",1010,"0000-00-00 00:00:00","0000-00-00 00:00:00"
34831,"とりもも肉","100g",1011,"0000-00-00 00:00:00","0000-00-00 00:00:00"
34841,"卵","５個",1011,"0000-00-00 00:00:00","0000-00-00 00:00:00"
34851,"牛乳","大さじ１",1011,"0000-00-00 00:00:00","0000-00-00 00:00:00"
34861,"玉ねぎ","1/4個",1011,"0000-00-00 00:00:00","0000-00-00 00:00:00"
34871,"ご飯","茶碗２杯分",1011,"0000-00-00 00:00:00","0000-00-00 00:00:00"
34881,"・サラダ油、塩、こしょう、トマトケチャップ、バター","適宣",1011,"0000-00-00 00:00:00","0000-00-00 00:00:00"
34901,"豚肉","150g",1012,"0000-00-00 00:00:00","0000-00-00 00:00:00"
34911,"牛肉","150g",1012,"0000-00-00 00:00:00","0000-00-00 00:00:00"
34921,"にんにく","１片",1012,"0000-00-00 00:00:00","0000-00-00 00:00:00"
34931,"玉ねぎ","１個",1012,"0000-00-00 00:00:00","0000-00-00 00:00:00"
34941,"トマト","200g",1012,"0000-00-00 00:00:00","0000-00-00 00:00:00"
34951,"　・サラダ油、塩、こしょう、トマトケチャップ
　・サラダ油、塩、こしょう、トマトケチャップ
　・サラダ油、塩、こしょう、トマトケチャップ
　・サラダ油、塩、こしょう、トマトケチャップ
・サラダ油、塩、こしょう、トマトケチャップ","適宣",1012,"0000-00-00 00:00:00","0000-00-00 00:00:00"
34961,"レタス","２枚",1012,"0000-00-00 00:00:00","0000-00-00 00:00:00"
34971,"トマト","１個",1012,"0000-00-00 00:00:00","0000-00-00 00:00:00"
34981,"ご飯","茶碗２杯分",1012,"0000-00-00 00:00:00","0000-00-00 00:00:00"
34991,"こしょう","少々",1012,"0000-00-00 00:00:00","0000-00-00 00:00:00"
35001,"ご飯","茶碗２杯分",1013,"0000-00-00 00:00:00","0000-00-00 00:00:00"
35011,"バター","大さじ１",1013,"0000-00-00 00:00:00","0000-00-00 00:00:00"
35021,"にんにく","２片",1013,"0000-00-00 00:00:00","0000-00-00 00:00:00"
35031,"こしょう","適宣",1013,"0000-00-00 00:00:00","0000-00-00 00:00:00"
35041,"ご飯","450g",1014,"0000-00-00 00:00:00","0000-00-00 00:00:00"
35051,"豚肉","50g",1014,"0000-00-00 00:00:00","0000-00-00 00:00:00"
35061,"ねぎ","1/2本",1014,"0000-00-00 00:00:00","0000-00-00 00:00:00"
35071,"卵","１個",1014,"0000-00-00 00:00:00","0000-00-00 00:00:00"
35081,"サラダ油","大さじ２",1014,"0000-00-00 00:00:00","0000-00-00 00:00:00"
35091,"・塩、こしょう、しょうゆ","適宣",1014,"0000-00-00 00:00:00","0000-00-00 00:00:00"
35101,"卵","３個",1015,"0000-00-00 00:00:00","0000-00-00 00:00:00"
35111,"しいたけ","２枚",1015,"0000-00-00 00:00:00","0000-00-00 00:00:00"
35121,"白菜","２枚",1015,"0000-00-00 00:00:00","0000-00-00 00:00:00"
35131,"ご飯","茶碗２杯分",1015,"0000-00-00 00:00:00","0000-00-00 00:00:00"
35141,"しょうゆ","大さじ１",1015,"0000-00-00 00:00:00","0000-00-00 00:00:00"
35151,"砂糖","大さじ１",1015,"0000-00-00 00:00:00","0000-00-00 00:00:00"
35161,"酢","小さじ１",1015,"0000-00-00 00:00:00","0000-00-00 00:00:00"
35171,"片栗粉","小さじ１",1015,"0000-00-00 00:00:00","0000-00-00 00:00:00"
35181,"ごま油","適宣",1015,"0000-00-00 00:00:00","0000-00-00 00:00:00"
35191,"塩","適宣",1015,"0000-00-00 00:00:00","0000-00-00 00:00:00"
35201,"こしょう","適宣",1015,"0000-00-00 00:00:00","0000-00-00 00:00:00"
35211,"イクラ","70g",1016,"0000-00-00 00:00:00","0000-00-00 00:00:00"
35221,"卵","３個",1016,"0000-00-00 00:00:00","0000-00-00 00:00:00"
35231,"しいたけ","４枚",1016,"0000-00-00 00:00:00","0000-00-00 00:00:00"
35241,"米","２合",1016,"0000-00-00 00:00:00","0000-00-00 00:00:00"
35251,"酢","大さじ２",1016,"0000-00-00 00:00:00","0000-00-00 00:00:00"
35261,"しょうゆ","適宣",1016,"0000-00-00 00:00:00","0000-00-00 00:00:00"
35271,"砂糖","適宣",1016,"0000-00-00 00:00:00","0000-00-00 00:00:00"
35291,"米","２カップ",1018,"0000-00-00 00:00:00","0000-00-00 00:00:00"
35301,"玉ねぎ","１個",1018,"0000-00-00 00:00:00","0000-00-00 00:00:00"
35311,"サラダ油","大さじ１",1018,"0000-00-00 00:00:00","0000-00-00 00:00:00"
35321,"バター","大さじ２",1018,"0000-00-00 00:00:00","0000-00-00 00:00:00"
35331,"しいたけ","３枚",1018,"0000-00-00 00:00:00","0000-00-00 00:00:00"
35341,"とうもろこし","1/2カップ",1018,"0000-00-00 00:00:00","0000-00-00 00:00:00"
35351,"・塩、こしょう","適宣",1018,"0000-00-00 00:00:00","0000-00-00 00:00:00"
35361,"えび","６尾",1019,"0000-00-00 00:00:00","0000-00-00 00:00:00"
35371,"鶏手羽元","６本",1019,"0000-00-00 00:00:00","0000-00-00 00:00:00"
35391,"あさり","1/2カップ",1019,"0000-00-00 00:00:00","0000-00-00 00:00:00"
35401,"玉ねぎ","1/2個",1019,"0000-00-00 00:00:00","0000-00-00 00:00:00"
35411,"にんにく","１片",1019,"0000-00-00 00:00:00","0000-00-00 00:00:00"
35421,"ミニトマト","100g",1019,"0000-00-00 00:00:00","0000-00-00 00:00:00"
35431,"いんげん","60g",1019,"0000-00-00 00:00:00","0000-00-00 00:00:00"
35441,"米","３合",1019,"0000-00-00 00:00:00","0000-00-00 00:00:00"
35451,"オリーブオイル","大さじ２",1019,"0000-00-00 00:00:00","0000-00-00 00:00:00"
35461,"塩","小さじ１",1019,"0000-00-00 00:00:00","0000-00-00 00:00:00"
35471,"こしょう","少々",1019,"0000-00-00 00:00:00","0000-00-00 00:00:00"
35481,"レモン","1/2個",1019,"0000-00-00 00:00:00","0000-00-00 00:00:00"
35491,"牛肉","150g",1020,"0000-00-00 00:00:00","0000-00-00 00:00:00"
35501,"玉ねぎ","１個",1020,"0000-00-00 00:00:00","0000-00-00 00:00:00"
35511,"酒","大さじ３",1020,"0000-00-00 00:00:00","0000-00-00 00:00:00"
35521,"みりん","大さじ２",1020,"0000-00-00 00:00:00","0000-00-00 00:00:00"
35531,"砂糖","大さじ１",1020,"0000-00-00 00:00:00","0000-00-00 00:00:00"
35541,"しょうゆ","大さじ３",1020,"0000-00-00 00:00:00","0000-00-00 00:00:00"
35551,"しょうが","1/2かけ",1020,"0000-00-00 00:00:00","0000-00-00 00:00:00"
35561,"ご飯","茶碗２杯分",1020,"0000-00-00 00:00:00","0000-00-00 00:00:00"
35571,"マグロ","200g",1021,"0000-00-00 00:00:00","0000-00-00 00:00:00"
35581,"アボカド","１個",1021,"0000-00-00 00:00:00","0000-00-00 00:00:00"
35591,"ねぎ","１本分",1021,"0000-00-00 00:00:00","0000-00-00 00:00:00"
35601,"ご飯","茶碗２杯分",1021,"0000-00-00 00:00:00","0000-00-00 00:00:00"
35611,"しょうゆ","大さじ２",1021,"0000-00-00 00:00:00","0000-00-00 00:00:00"
35621,"ごま","大さじ１",1021,"0000-00-00 00:00:00","0000-00-00 00:00:00"
35631,"オリーブ油","小さじ１",1021,"0000-00-00 00:00:00","0000-00-00 00:00:00"
35651,"とりひき肉","200g",1022,"0000-00-00 00:00:00","0000-00-00 00:00:00"
35661,"酒","大さじ２",1022,"0000-00-00 00:00:00","0000-00-00 00:00:00"
35671,"みりん","大さじ２",1022,"0000-00-00 00:00:00","0000-00-00 00:00:00"
35681,"砂糖","大さじ１",1022,"0000-00-00 00:00:00","0000-00-00 00:00:00"
35691,"しょうゆ","大さじ２",1022,"0000-00-00 00:00:00","0000-00-00 00:00:00"
35701,"卵","２個",1022,"0000-00-00 00:00:00","0000-00-00 00:00:00"
35711,"みりん","大さじ１",1022,"0000-00-00 00:00:00","0000-00-00 00:00:00"
35721,"しょうゆ","大さじ２",1022,"0000-00-00 00:00:00","0000-00-00 00:00:00"
35731,"米","２カップ",1022,"0000-00-00 00:00:00","0000-00-00 00:00:00"
35741,"しょうゆ","大さじ１",1022,"0000-00-00 00:00:00","0000-00-00 00:00:00"
35751,"みりん","大さじ1/2",1022,"0000-00-00 00:00:00","0000-00-00 00:00:00"
35761,"塩","適宣",1022,"0000-00-00 00:00:00","0000-00-00 00:00:00"
35771,"米","２合",1023,"0000-00-00 00:00:00","0000-00-00 00:00:00"
35781,"みりん","適宣",1023,"0000-00-00 00:00:00","0000-00-00 00:00:00"
35791,"塩","適宣",1023,"0000-00-00 00:00:00","0000-00-00 00:00:00"
35801,"ご飯","茶碗２杯分",1025,"0000-00-00 00:00:00","0000-00-00 00:00:00"
35811,"カレー粉","小さじ１",1003,"0000-00-00 00:00:00","0000-00-00 00:00:00"
35821,"カレールー","100g",1003,"0000-00-00 00:00:00","0000-00-00 00:00:00"
35831,"カレールー","70g",1004,"0000-00-00 00:00:00","0000-00-00 00:00:00"
35841,"カレー粉","適宣",1004,"0000-00-00 00:00:00","0000-00-00 00:00:00"
35851,"カレー粉","大さじ２",1005,"0000-00-00 00:00:00","0000-00-00 00:00:00"
35861,"カレー粉","大さじ１",1006,"0000-00-00 00:00:00","0000-00-00 00:00:00"
35871,"カレー粉","大さじ２",1007,"0000-00-00 00:00:00","0000-00-00 00:00:00"
35881,"カレー粉","小さじ１",1008,"0000-00-00 00:00:00","0000-00-00 00:00:00"
35891,"カレールウ","80g",1008,"0000-00-00 00:00:00","0000-00-00 00:00:00"
35901,"カレールウ","100g",1009,"0000-00-00 00:00:00","0000-00-00 00:00:00"
35911,"カレー粉","適宣",1010,"0000-00-00 00:00:00","0000-00-00 00:00:00"
35921,"牛肉","100g",1024,"0000-00-00 00:00:00","0000-00-00 00:00:00"
35931,"しょうゆ","小さじ２",1024,"0000-00-00 00:00:00","0000-00-00 00:00:00"
35941,"にんにく","1/4",1024,"0000-00-00 00:00:00","0000-00-00 00:00:00"
35951,"こしょう","少々",1024,"0000-00-00 00:00:00","0000-00-00 00:00:00"
35961,"卵","２個",1024,"0000-00-00 00:00:00","0000-00-00 00:00:00"
35971,"ほうれん草","１わ",1024,"0000-00-00 00:00:00","0000-00-00 00:00:00"
35981,"しょうゆ","大さじ1/2",1024,"0000-00-00 00:00:00","0000-00-00 00:00:00"
35991,"ごま油","小さじ１",1024,"0000-00-00 00:00:00","0000-00-00 00:00:00"
36001,"塩","適宣",1024,"0000-00-00 00:00:00","0000-00-00 00:00:00"
36011,"ごま油","小さじ１",1024,"0000-00-00 00:00:00","0000-00-00 00:00:00"
36021,"なす","２個",1024,"0000-00-00 00:00:00","0000-00-00 00:00:00"
36031,"にんにく","1/4",1024,"0000-00-00 00:00:00","0000-00-00 00:00:00"
36041,"大根","10cm",1024,"0000-00-00 00:00:00","0000-00-00 00:00:00"
36051,"酢","小さじ２",1024,"0000-00-00 00:00:00","0000-00-00 00:00:00"
36061,"砂糖","小さじ１",1024,"0000-00-00 00:00:00","0000-00-00 00:00:00"
36071,"にんにく","1/4",1024,"0000-00-00 00:00:00","0000-00-00 00:00:00"
36081,"ご飯","茶碗２杯分",1024,"0000-00-00 00:00:00","0000-00-00 00:00:00"
36091,"塩","適宣",1024,"0000-00-00 00:00:00","0000-00-00 00:00:00"
36101,"ごま油","適宣",1024,"0000-00-00 00:00:00","0000-00-00 00:00:00"
36111,"牛肉","800g",77,"0000-00-00 00:00:00","0000-00-00 00:00:00"
36121,"玉ねぎ","１個",77,"0000-00-00 00:00:00","0000-00-00 00:00:00"
36131,"・塩、こしょう、オリーブ油","適宣",77,"0000-00-00 00:00:00","0000-00-00 00:00:00"
36141,"とりもも肉","200g",1025,"0000-00-00 00:00:00","0000-00-00 00:00:00"
36151,"玉ねぎ","１個",1025,"0000-00-00 00:00:00","0000-00-00 00:00:00"
36161,"サラダ油","大さじ１",1025,"0000-00-00 00:00:00","0000-00-00 00:00:00"
36171,"卵","３個",1025,"0000-00-00 00:00:00","0000-00-00 00:00:00"
36181,"しいたけ","２枚",1025,"0000-00-00 00:00:00","0000-00-00 00:00:00"
36191,"・酒、砂糖、しょうゆ","適宣",1025,"0000-00-00 00:00:00","0000-00-00 00:00:00"
36201,"豚肉","600g",1026,"0000-00-00 00:00:00","0000-00-00 00:00:00"
36211,"にんにく","２片",1026,"0000-00-00 00:00:00","0000-00-00 00:00:00"
36221,"・酒、塩","適宣",1026,"0000-00-00 00:00:00","0000-00-00 00:00:00"
36231,"ねぎ","1/3本",1026,"0000-00-00 00:00:00","0000-00-00 00:00:00"
36241,"にんにく","１片",1026,"0000-00-00 00:00:00","0000-00-00 00:00:00"
36251,"しょうが","１片",1026,"0000-00-00 00:00:00","0000-00-00 00:00:00"
36261,"ご飯","茶碗２杯分",1026,"0000-00-00 00:00:00","0000-00-00 00:00:00"
36271,"・しょうゆ、酒、砂糖、みりん、ごま油","適宣",1026,"0000-00-00 00:00:00","0000-00-00 00:00:00"
36281,"豚肉","６枚",1027,"0000-00-00 00:00:00","0000-00-00 00:00:00"
36291,"ご飯","茶碗２杯分",1026,"0000-00-00 00:00:00","0000-00-00 00:00:00"
36301,"玉ねぎ","1/2個",1027,"0000-00-00 00:00:00","0000-00-00 00:00:00"
36311,"キャベツ","５枚",1027,"0000-00-00 00:00:00","0000-00-00 00:00:00"
36321,"ご飯","茶碗２杯分",1027,"0000-00-00 00:00:00","0000-00-00 00:00:00"
36331,"小麦粉","適宣",1027,"0000-00-00 00:00:00","0000-00-00 00:00:00"
36341,"卵","１個",1027,"0000-00-00 00:00:00","0000-00-00 00:00:00"
36351,"・塩、こしょう、揚げ油、とんかつソース","適宣",1027,"0000-00-00 00:00:00","0000-00-00 00:00:00"
36361,"牛肉","150g",1028,"0000-00-00 00:00:00","0000-00-00 00:00:00"
36371,"レタス","４枚",1028,"0000-00-00 00:00:00","0000-00-00 00:00:00"
36381,"ねぎ","５cm",1028,"0000-00-00 00:00:00","0000-00-00 00:00:00"
36391,"ご飯","どんぶり２杯分",1028,"0000-00-00 00:00:00","0000-00-00 00:00:00"
36401,"サラダ油","適宣",1028,"0000-00-00 00:00:00","0000-00-00 00:00:00"
36411,"しょうゆ","適宣",1028,"0000-00-00 00:00:00","0000-00-00 00:00:00"
36421,"砂糖","大さじ２",1028,"0000-00-00 00:00:00","0000-00-00 00:00:00"
36431,"酒","大さじ１",1028,"0000-00-00 00:00:00","0000-00-00 00:00:00"
36441,"ねぎ","５cm",1028,"0000-00-00 00:00:00","0000-00-00 00:00:00"
36451,"にんにく","１片",1028,"0000-00-00 00:00:00","0000-00-00 00:00:00"
36461,"豚肉","200g",1029,"0000-00-00 00:00:00","0000-00-00 00:00:00"
36471,"玉ねぎ","1/2個",1029,"0000-00-00 00:00:00","0000-00-00 00:00:00"
36481,"ご飯","茶碗２杯分",1029,"0000-00-00 00:00:00","0000-00-00 00:00:00"
36491,"酒","適宣",1029,"0000-00-00 00:00:00","0000-00-00 00:00:00"
36501,"しょうゆ","適宣",1029,"0000-00-00 00:00:00","0000-00-00 00:00:00"
36511,"マグロ","１さく",1030,"0000-00-00 00:00:00","0000-00-00 00:00:00"
36521,"ねぎ","1/4本",1030,"0000-00-00 00:00:00","0000-00-00 00:00:00"
36531," ご飯","どんぶり２杯分",1030,"0000-00-00 00:00:00","0000-00-00 00:00:00"
36541,"しょうゆ","適宣",1030,"0000-00-00 00:00:00","0000-00-00 00:00:00"
36551,"ミニトマト","４個",1031,"0000-00-00 00:00:00","0000-00-00 00:00:00"
36561,"豚肉","100g",1031,"0000-00-00 00:00:00","0000-00-00 00:00:00"
36571,"牛肉","100g",1031,"0000-00-00 00:00:00","0000-00-00 00:00:00"
36581,"卵","１個",1031,"0000-00-00 00:00:00","0000-00-00 00:00:00"
36591,"にんにく","少々",1031,"0000-00-00 00:00:00","0000-00-00 00:00:00"
36601,"玉ねぎ","1/3個",1031,"0000-00-00 00:00:00","0000-00-00 00:00:00"
36611,"にんじん","２cm",1031,"0000-00-00 00:00:00","0000-00-00 00:00:00"
36621,"サラダ油","少々",1031,"0000-00-00 00:00:00","0000-00-00 00:00:00"
36631,"塩","少々",1031,"0000-00-00 00:00:00","0000-00-00 00:00:00"
36641,"こしょう","少々",1031,"0000-00-00 00:00:00","0000-00-00 00:00:00"
36651,"卵","２個",1031,"0000-00-00 00:00:00","0000-00-00 00:00:00"
36661,"ご飯","茶碗２杯分",1031,"0000-00-00 00:00:00","0000-00-00 00:00:00"
36671,"トマトケチャップ","大さじ２",1031,"0000-00-00 00:00:00","0000-00-00 00:00:00"
36681,"玉ねぎ","1/4個",1031,"0000-00-00 00:00:00","0000-00-00 00:00:00"
36691,"レタス","２枚",1031,"0000-00-00 00:00:00","0000-00-00 00:00:00"
36701,"サラダ油","適宣",1031,"0000-00-00 00:00:00","0000-00-00 00:00:00"
36711,"塩","適宣",1031,"0000-00-00 00:00:00","0000-00-00 00:00:00"
36721,"こしょう","適宣",1031,"0000-00-00 00:00:00","0000-00-00 00:00:00"
36731,"牛肉","160g",1032,"0000-00-00 00:00:00","0000-00-00 00:00:00"
36741,"にんにく","１片",1032,"0000-00-00 00:00:00","0000-00-00 00:00:00"
36751,"ねぎ","６cm",1032,"0000-00-00 00:00:00","0000-00-00 00:00:00"
36761,"にんじん","６cm",1032,"0000-00-00 00:00:00","0000-00-00 00:00:00"
36771,"ご飯","どんぶり２杯分",1032,"0000-00-00 00:00:00","0000-00-00 00:00:00"
36781,"塩","適宣",1032,"0000-00-00 00:00:00","0000-00-00 00:00:00"
36791,"こしょう","適宣",1032,"0000-00-00 00:00:00","0000-00-00 00:00:00"
36801,"バター","適宣",1032,"0000-00-00 00:00:00","0000-00-00 00:00:00"
36811,"しょうゆ","適宣",1032,"0000-00-00 00:00:00","0000-00-00 00:00:00"
36821,"牛肉","150g",1033,"0000-00-00 00:00:00","0000-00-00 00:00:00"
36831,"大根","100g",1033,"0000-00-00 00:00:00","0000-00-00 00:00:00"
36841,"にんじん","1/3本",1033,"0000-00-00 00:00:00","0000-00-00 00:00:00"
36851,"ねぎ","1/2本",1033,"0000-00-00 00:00:00","0000-00-00 00:00:00"
36861,"ご飯","茶碗２杯分",1033,"0000-00-00 00:00:00","0000-00-00 00:00:00"
36871,"酒","適宣",1033,"0000-00-00 00:00:00","0000-00-00 00:00:00"
36881,"塩","適宣",1033,"0000-00-00 00:00:00","0000-00-00 00:00:00"
36891,"こしょう","適宣",1034,"0000-00-00 00:00:00","0000-00-00 00:00:00"
36901,"栗","150g",1033,"0000-00-00 00:00:00","0000-00-00 00:00:00"
36911,"米","１カップ",1034,"0000-00-00 00:00:00","0000-00-00 00:00:00"
36921,"もち米","1/2カップ",1034,"0000-00-00 00:00:00","0000-00-00 00:00:00"
36931,"塩","適宣",1034,"0000-00-00 00:00:00","0000-00-00 00:00:00"
36941,"酒","適宣",1034,"0000-00-00 00:00:00","0000-00-00 00:00:00"
36951,"砂糖","適宣",1034,"0000-00-00 00:00:00","0000-00-00 00:00:00"
36961,"卵","２個",1035,"0000-00-00 00:00:00","0000-00-00 00:00:00"
36971,"ねぎ","２本",1035,"0000-00-00 00:00:00","0000-00-00 00:00:00"
36981,"ご飯","どんぶり２杯分",1035,"0000-00-00 00:00:00","0000-00-00 00:00:00"
36991,"牛肉","300g",1035,"0000-00-00 00:00:00","0000-00-00 00:00:00"
37001,"サラダ油","小さじ１",1035,"0000-00-00 00:00:00","0000-00-00 00:00:00"
37011,"こしょう","少々",1035,"0000-00-00 00:00:00","0000-00-00 00:00:00"
37021,"塩","小さじ１",1035,"0000-00-00 00:00:00","0000-00-00 00:00:00"
37031,"豚肉","200g",1036,"0000-00-00 00:00:00","0000-00-00 00:00:00"
37041,"みそ","小さじ１",1036,"0000-00-00 00:00:00","0000-00-00 00:00:00"
37051,"酒","小さじ１",1036,"0000-00-00 00:00:00","0000-00-00 00:00:00"
37061," みりん","小さじ",1036,"0000-00-00 00:00:00","0000-00-00 00:00:00"
37071,"砂糖","小さじ1/2",1036,"0000-00-00 00:00:00","0000-00-00 00:00:00"
37081,"こしょう","適宣",1036,"0000-00-00 00:00:00","0000-00-00 00:00:00"
37091,"サラダ油","適宣",1036,"0000-00-00 00:00:00","0000-00-00 00:00:00"
37101,"ご飯","どんぶり２杯分",1036,"0000-00-00 00:00:00","0000-00-00 00:00:00"
37111,"とりむね肉","250g",1037,"0000-00-00 00:00:00","0000-00-00 00:00:00"
37121,"ご飯","どんぶり２杯分",1037,"0000-00-00 00:00:00","0000-00-00 00:00:00"
37131,"酒","大さじ１",1037,"0000-00-00 00:00:00","0000-00-00 00:00:00"
37141,"さやいんげん","10本",1037,"0000-00-00 00:00:00","0000-00-00 00:00:00"
37151,"小麦粉","適宣",1037,"0000-00-00 00:00:00","0000-00-00 00:00:00"
37161,"サラダ油","適宣",1037,"0000-00-00 00:00:00","0000-00-00 00:00:00"
37171,"牛肉","75g",1038,"0000-00-00 00:00:00","0000-00-00 00:00:00"
37181,"豚肉","75g",1038,"0000-00-00 00:00:00","0000-00-00 00:00:00"
37191,"卵","1/2個",1038,"0000-00-00 00:00:00","0000-00-00 00:00:00"
37201,"キャベツ","150g",1038,"0000-00-00 00:00:00","0000-00-00 00:00:00"
37211,"玉ねぎ","50g",1038,"0000-00-00 00:00:00","0000-00-00 00:00:00"
37221,"塩","小さじ1/3",1038,"0000-00-00 00:00:00","0000-00-00 00:00:00"
37231,"こしょう","少々",1038,"0000-00-00 00:00:00","0000-00-00 00:00:00"
37241,"卵","1/2個",1038,"0000-00-00 00:00:00","0000-00-00 00:00:00"
37251,"小麦粉","適宣",1038,"0000-00-00 00:00:00","0000-00-00 00:00:00"
37261,"キャベツ","２枚",1038,"0000-00-00 00:00:00","0000-00-00 00:00:00"
37271,"レモン","適宣",1038,"0000-00-00 00:00:00","0000-00-00 00:00:00"
37281,"サラダ油","適宣",1038,"0000-00-00 00:00:00","0000-00-00 00:00:00"
37291,"ご飯","どんぶり２杯分",1038,"0000-00-00 00:00:00","0000-00-00 00:00:00"
37301," 牛肉","400g",1039,"0000-00-00 00:00:00","0000-00-00 00:00:00"
37311,"玉ねぎ","1/2個",1039,"0000-00-00 00:00:00","0000-00-00 00:00:00"
37321,"ご飯","どんぶり２杯分",1039,"0000-00-00 00:00:00","0000-00-00 00:00:00"
37331,"にんにく","１片",1039,"0000-00-00 00:00:00","0000-00-00 00:00:00"
37341,"小麦粉","大さじ１",1044,"0000-00-00 00:00:00","0000-00-00 00:00:00"
37351,"酒","大さじ１",1039,"0000-00-00 00:00:00","0000-00-00 00:00:00"
37361,"みりん","大さじ１",1039,"0000-00-00 00:00:00","0000-00-00 00:00:00"
37371,"しょうゆ","大さじ１",1039,"0000-00-00 00:00:00","0000-00-00 00:00:00"
37381,"サラダ油","適宣",1039,"0000-00-00 00:00:00","0000-00-00 00:00:00"
37391,"塩","適宣",1039,"0000-00-00 00:00:00","0000-00-00 00:00:00"
37401,"ねぎ","10cm",1040,"0000-00-00 00:00:00","0000-00-00 00:00:00"
37411,"塩","小さじ1/4",1040,"0000-00-00 00:00:00","0000-00-00 00:00:00"
37421,"ごま油","大さじ１",1040,"0000-00-00 00:00:00","0000-00-00 00:00:00"
37431,"キャベツ","２枚",1040,"0000-00-00 00:00:00","0000-00-00 00:00:00"
37441,"ご飯","どんぶり２杯分",1040,"0000-00-00 00:00:00","0000-00-00 00:00:00"
37451,"とりもも肉","300g",1040,"0000-00-00 00:00:00","0000-00-00 00:00:00"
37461,"酒","大さじ１",1040,"0000-00-00 00:00:00","0000-00-00 00:00:00"
37471,"塩","小さじ1/2",1040,"0000-00-00 00:00:00","0000-00-00 00:00:00"
37481,"こしょう","少々",1040,"0000-00-00 00:00:00","0000-00-00 00:00:00"
37491,"卵","１個",1040,"0000-00-00 00:00:00","0000-00-00 00:00:00"
37501,"ごま油","大さじ１",1040,"0000-00-00 00:00:00","0000-00-00 00:00:00"
37511,"小麦粉","大さじ３",1040,"0000-00-00 00:00:00","0000-00-00 00:00:00"
37521,"砂糖","小さじ２",1040,"0000-00-00 00:00:00","0000-00-00 00:00:00"
37531,"塩","少々",1044,"0000-00-00 00:00:00","0000-00-00 00:00:00"
37541,"白菜","１枚",1041,"0000-00-00 00:00:00","0000-00-00 00:00:00"
37551,"にんじん","30g",1041,"0000-00-00 00:00:00","0000-00-00 00:00:00"
37561,"玉ねぎ","1/4個",1041,"0000-00-00 00:00:00","0000-00-00 00:00:00"
37571,"豚肉","100g",1041,"0000-00-00 00:00:00","0000-00-00 00:00:00"
37581,"ご飯","どんぶり２杯分",1041,"0000-00-00 00:00:00","0000-00-00 00:00:00"
37591,"にんにく","1/2片",1041,"0000-00-00 00:00:00","0000-00-00 00:00:00"
37601,"酒","大さじ１",1041,"0000-00-00 00:00:00","0000-00-00 00:00:00"
37611,"こしょう","少々",1041,"0000-00-00 00:00:00","0000-00-00 00:00:00"
37621,"片栗粉","小さじ２",1041,"0000-00-00 00:00:00","0000-00-00 00:00:00"
37631,"ごま油","適宣",1041,"0000-00-00 00:00:00","0000-00-00 00:00:00"
37641,"サーモン","90",1042,"0000-00-00 00:00:00","0000-00-00 00:00:00"
37651,"ご飯","どんぶり２杯分",1042,"0000-00-00 00:00:00","0000-00-00 00:00:00"
37661,"卵","２個",1042,"0000-00-00 00:00:00","0000-00-00 00:00:00"
37671,"塩","少々",1043,"0000-00-00 00:00:00","0000-00-00 00:00:00"
37681,"豚肉","240g",1043,"0000-00-00 00:00:00","0000-00-00 00:00:00"
37691,"小麦粉","1/4カップ",1043,"0000-00-00 00:00:00","0000-00-00 00:00:00"
37701,"卵","１個",1043,"0000-00-00 00:00:00","0000-00-00 00:00:00"
37711,"サラダ油","適宣",1043,"0000-00-00 00:00:00","0000-00-00 00:00:00"
37721,"こしょう","適宣",1043,"0000-00-00 00:00:00","0000-00-00 00:00:00"
37731,"じゃがいも","３個",1003,"0000-00-00 00:00:00","0000-00-00 00:00:00"
37741,"豚肉","100g",1043,"0000-00-00 00:00:00","0000-00-00 00:00:00"
37751,"にんじん","1/2本",1043,"0000-00-00 00:00:00","0000-00-00 00:00:00"
37761,"玉ねぎ","小１個",1043,"0000-00-00 00:00:00","0000-00-00 00:00:00"
37771,"にんにく","２片",1043,"0000-00-00 00:00:00","0000-00-00 00:00:00"
37781,"ご飯","茶碗３杯分",1043,"0000-00-00 00:00:00","0000-00-00 00:00:00"
37791,"・バター、しょうゆ","適宣",1043,"0000-00-00 00:00:00","0000-00-00 00:00:00"
37801,"カレー粉","小さじ１",1043,"0000-00-00 00:00:00","0000-00-00 00:00:00"
37811,"カレールー","100g",1043,"0000-00-00 00:00:00","0000-00-00 00:00:00"
37821,"こしょう","少々",1044,"0000-00-00 00:00:00","0000-00-00 00:00:00"
37831,"オリーブ油","適宣",1044,"0000-00-00 00:00:00","0000-00-00 00:00:00"
37841,"じゃがいも","３個",1044,"0000-00-00 00:00:00","0000-00-00 00:00:00"
37851,"豚肉","100g",1044,"0000-00-00 00:00:00","0000-00-00 00:00:00"
37861,"にんじん","1/2本",1044,"0000-00-00 00:00:00","0000-00-00 00:00:00"
37871,"玉ねぎ","小１個",1044,"0000-00-00 00:00:00","0000-00-00 00:00:00"
50000,"にんにく","２片",1044,"0000-00-00 00:00:00","0000-00-00 00:00:00"
50001,"・バター、しょうゆ","適宣",1044,"0000-00-00 00:00:00","0000-00-00 00:00:00"
50011,"カレー粉","小さじ１",1044,"0000-00-00 00:00:00","0000-00-00 00:00:00"
50021,"カレールー","100g",1044,"0000-00-00 00:00:00","0000-00-00 00:00:00"
50031,"米","２合",1045,"0000-00-00 00:00:00","0000-00-00 00:00:00"
50041,"ねぎ","２本分",1045,"0000-00-00 00:00:00","0000-00-00 00:00:00"
50051,"さんま","２尾",1045,"0000-00-00 00:00:00","0000-00-00 00:00:00"
50061,"酒","適宣",1045,"0000-00-00 00:00:00","0000-00-00 00:00:00"
50071,"しょうゆ","適宣",1045,"0000-00-00 00:00:00","0000-00-00 00:00:00"
50081,"塩","適宣",1045,"0000-00-00 00:00:00","0000-00-00 00:00:00"
50091,"サラダ油","適宣",1045,"0000-00-00 00:00:00","0000-00-00 00:00:00"
50101,"みりん","適宣",1045,"0000-00-00 00:00:00","0000-00-00 00:00:00"
50121,"とりもも肉","300g",78,"0000-00-00 00:00:00","0000-00-00 00:00:00"
50131,"酒","１カップ",78,"0000-00-00 00:00:00","0000-00-00 00:00:00"
50141,"みりん","１カップ",78,"0000-00-00 00:00:00","0000-00-00 00:00:00"
50151,"しょうゆ","１カップ",78,"0000-00-00 00:00:00","0000-00-00 00:00:00"
50161,"サラダ油","適宣",78,"0000-00-00 00:00:00","0000-00-00 00:00:00"
50171,"にんにく","１片",78,"0000-00-00 00:00:00","0000-00-00 00:00:00"
50181,"キャベツ","３枚",78,"0000-00-00 00:00:00","0000-00-00 00:00:00"
50191,"小麦粉","適宣",78,"0000-00-00 00:00:00","0000-00-00 00:00:00"
50201,"とりもも肉","300g",79,"0000-00-00 00:00:00","0000-00-00 00:00:00"
50211,"キャベツ","３枚",79,"0000-00-00 00:00:00","0000-00-00 00:00:00"
50221,"にんにく","１片",79,"0000-00-00 00:00:00","0000-00-00 00:00:00"
50231,"こしょう","適宣",79,"0000-00-00 00:00:00","0000-00-00 00:00:00"
50241,"豚肉","150g",83,"0000-00-00 00:00:00","0000-00-00 00:00:00"
50251,"塩","適宣",83,"0000-00-00 00:00:00","0000-00-00 00:00:00"
50261,"こしょう","適宣",83,"0000-00-00 00:00:00","0000-00-00 00:00:00"
50271,"酒","適宣",83,"0000-00-00 00:00:00","0000-00-00 00:00:00"
50281,"キャベツ","３枚",83,"0000-00-00 00:00:00","0000-00-00 00:00:00"
50291,"にんにく","１片",83,"0000-00-00 00:00:00","0000-00-00 00:00:00"
50301,"白菜","100g",83,"0000-00-00 00:00:00","0000-00-00 00:00:00"
50311,"ごま油","適宣",83,"0000-00-00 00:00:00","0000-00-00 00:00:00"
50321,"トマト","1/2個",83,"0000-00-00 00:00:00","0000-00-00 00:00:00"
50331,"スパゲッティ","200g",500,"0000-00-00 00:00:00","0000-00-00 00:00:00"
50341,"玉ねぎ","１個",500,"0000-00-00 00:00:00","0000-00-00 00:00:00"
50351,"セロリ","１本",500,"0000-00-00 00:00:00","0000-00-00 00:00:00"
50361,"ピーマン","１個",500,"0000-00-00 00:00:00","0000-00-00 00:00:00"
50371,"にんにく","1/2片",500,"0000-00-00 00:00:00","0000-00-00 00:00:00"
50381,"バター","大さじ１",500,"0000-00-00 00:00:00","0000-00-00 00:00:00"
50391,"牛肉","300g",500,"0000-00-00 00:00:00","0000-00-00 00:00:00"
50401,"トマト","400g",500,"0000-00-00 00:00:00","0000-00-00 00:00:00"
50411,"パセリ","10g",504,"0000-00-00 00:00:00","0000-00-00 00:00:00"
50421,"塩","適宣",500,"0000-00-00 00:00:00","0000-00-00 00:00:00"
50431,"しょうゆ","適宣",500,"0000-00-00 00:00:00","0000-00-00 00:00:00"
50441,"ピーマン","２個",501,"0000-00-00 00:00:00","0000-00-00 00:00:00"
50451,"玉ねぎ","1/2個",501,"0000-00-00 00:00:00","0000-00-00 00:00:00"
50461,"スパゲッティ","200g",501,"0000-00-00 00:00:00","0000-00-00 00:00:00"
50471,"塩","適宣",501,"0000-00-00 00:00:00","0000-00-00 00:00:00"
50481,"サラダ油","大さじ２",501,"0000-00-00 00:00:00","0000-00-00 00:00:00"
50491,"塩","少々",501,"0000-00-00 00:00:00","0000-00-00 00:00:00"
50501,"こしょう","少々",501,"0000-00-00 00:00:00","0000-00-00 00:00:00"
50511,"トマトケチャップ","大さじ５",501,"0000-00-00 00:00:00","0000-00-00 00:00:00"
50521,"しょうゆ","小さじ１",501,"0000-00-00 00:00:00","0000-00-00 00:00:00"
50531,"卵","４個",502,"0000-00-00 00:00:00","0000-00-00 00:00:00"
50541,"チーズ","大さじ４",502,"0000-00-00 00:00:00","0000-00-00 00:00:00"
50551,"牛乳","大さじ８",502,"0000-00-00 00:00:00","0000-00-00 00:00:00"
50561,"玉ねぎ","1/4個",502,"0000-00-00 00:00:00","0000-00-00 00:00:00"
50571,"スパゲッティ","200g",502,"0000-00-00 00:00:00","0000-00-00 00:00:00"
50581,"塩","適宣",502,"0000-00-00 00:00:00","0000-00-00 00:00:00"
50591,"オリーブ油","大さじ２",502,"0000-00-00 00:00:00","0000-00-00 00:00:00"
50601,"こしょう","適宣",502,"0000-00-00 00:00:00","0000-00-00 00:00:00"
50611,"チーズ","大さじ６",503,"0000-00-00 00:00:00","0000-00-00 00:00:00"
50621,"にんにく","２片",503,"0000-00-00 00:00:00","0000-00-00 00:00:00"
50631,"スパゲッティ","160g",503,"0000-00-00 00:00:00","0000-00-00 00:00:00"
50641,"オリーブ油","大さじ１",503,"0000-00-00 00:00:00","0000-00-00 00:00:00"
50651,"オリーブ油","1/2カップ",503,"0000-00-00 00:00:00","0000-00-00 00:00:00"
50661,"スパゲッティ","200g",504,"0000-00-00 00:00:00","0000-00-00 00:00:00"
50671,"にんにく","２片",504,"0000-00-00 00:00:00","0000-00-00 00:00:00"
50681,"塩","適宣",504,"0000-00-00 00:00:00","0000-00-00 00:00:00"
50691,"オリーブ油","大さじ４",504,"0000-00-00 00:00:00","0000-00-00 00:00:00"
50701,"あさり","400g",505,"0000-00-00 00:00:00","0000-00-00 00:00:00"
50711,"にんにく","１片",505,"0000-00-00 00:00:00","0000-00-00 00:00:00"
50721,"スパゲッティ","160g",505,"0000-00-00 00:00:00","0000-00-00 00:00:00"
50731,"オリーブ油","適宣",505,"0000-00-00 00:00:00","0000-00-00 00:00:00"
50741,"しいたけ","６枚",507,"0000-00-00 00:00:00","0000-00-00 00:00:00"
50751,"しめじ","100g",507,"0000-00-00 00:00:00","0000-00-00 00:00:00"
50761,"えのき","100g",507,"0000-00-00 00:00:00","0000-00-00 00:00:00"
50771,"にんにく","１片",507,"0000-00-00 00:00:00","0000-00-00 00:00:00"
50781,"スパゲッティ","160g",507,"0000-00-00 00:00:00","0000-00-00 00:00:00"
50791,"オリーブ油","適宣",507,"0000-00-00 00:00:00","0000-00-00 00:00:00"
50801,"塩","適宣",507,"0000-00-00 00:00:00","0000-00-00 00:00:00"
50811,"こしょう","適宣",507,"0000-00-00 00:00:00","0000-00-00 00:00:00"
50821,"えび","２尾",508,"0000-00-00 00:00:00","0000-00-00 00:00:00"
50831,"オリーブ油","適宣",511,"0000-00-00 00:00:00","0000-00-00 00:00:00"
50841,"あさり","10個",508,"0000-00-00 00:00:00","0000-00-00 00:00:00"
50851,"かぶ","１個",508,"0000-00-00 00:00:00","0000-00-00 00:00:00"
50861,"トマト","150g",508,"0000-00-00 00:00:00","0000-00-00 00:00:00"
50871,"にんにく","１片",508,"0000-00-00 00:00:00","0000-00-00 00:00:00"
50881,"オリーブ油","適宣",508,"0000-00-00 00:00:00","0000-00-00 00:00:00"
50891,"塩","適宣",508,"0000-00-00 00:00:00","0000-00-00 00:00:00"
50901,"スパゲッティ","200g",509,"0000-00-00 00:00:00","0000-00-00 00:00:00"
50911,"玉ねぎ","1/2個",509,"0000-00-00 00:00:00","0000-00-00 00:00:00"
50921,"オリーブ油","大さじ３",509,"0000-00-00 00:00:00","0000-00-00 00:00:00"
50931,"にんにく","小さじ２",509,"0000-00-00 00:00:00","0000-00-00 00:00:00"
50941,"トマト","400g",509,"0000-00-00 00:00:00","0000-00-00 00:00:00"
50951,"塩","小さじ1/4",509,"0000-00-00 00:00:00","0000-00-00 00:00:00"
50961,"こしょう","少々",509,"0000-00-00 00:00:00","0000-00-00 00:00:00"
50971,"チーズ","適宣",509,"0000-00-00 00:00:00","0000-00-00 00:00:00"
50981,"スパゲッティ","200g",510,"0000-00-00 00:00:00","0000-00-00 00:00:00"
50991,"にんにく","１片",510,"0000-00-00 00:00:00","0000-00-00 00:00:00"
51001,"トマト","400g",510,"0000-00-00 00:00:00","0000-00-00 00:00:00"
51011,"オリーブ油","適宣",510,"0000-00-00 00:00:00","0000-00-00 00:00:00"
51021,"塩","適宣",510,"0000-00-00 00:00:00","0000-00-00 00:00:00"
51031,"こしょう","適宣",510,"0000-00-00 00:00:00","0000-00-00 00:00:00"
51041,"スパゲッティ","160g",511,"0000-00-00 00:00:00","0000-00-00 00:00:00"
51051,"明太子","80g",511,"0000-00-00 00:00:00","0000-00-00 00:00:00"
51061,"塩","適宣",511,"0000-00-00 00:00:00","0000-00-00 00:00:00"
51071,"セロリ","1/3本",513,"0000-00-00 00:00:00","0000-00-00 00:00:00"
51081,"しめじ","100g",512,"0000-00-00 00:00:00","0000-00-00 00:00:00"
51091,"えのき","50g",512,"0000-00-00 00:00:00","0000-00-00 00:00:00"
51101,"スパゲッティ","160g",512,"0000-00-00 00:00:00","0000-00-00 00:00:00"
51111,"サラダ油","適宣",512,"0000-00-00 00:00:00","0000-00-00 00:00:00"
51121,"塩","適宣",512,"0000-00-00 00:00:00","0000-00-00 00:00:00"
51131,"しょうゆ","適宣",512,"0000-00-00 00:00:00","0000-00-00 00:00:00"
51141,"玉ねぎ","1/4個",513,"0000-00-00 00:00:00","0000-00-00 00:00:00"
51151,"にんじん","４cm",513,"0000-00-00 00:00:00","0000-00-00 00:00:00"
51161,"スパゲッティ","120g",513,"0000-00-00 00:00:00","0000-00-00 00:00:00"
51171,"塩","適宣",513,"0000-00-00 00:00:00","0000-00-00 00:00:00"
51181,"こしょう","適宣",513,"0000-00-00 00:00:00","0000-00-00 00:00:00"
51191,"とりさき身","100g",513,"0000-00-00 00:00:00","0000-00-00 00:00:00"
51201,"トマト","４個",514,"0000-00-00 00:00:00","0000-00-00 00:00:00"
51211,"玉ねぎ","大さじ４",514,"0000-00-00 00:00:00","0000-00-00 00:00:00"
51221,"レモン汁","大さじ４",514,"0000-00-00 00:00:00","0000-00-00 00:00:00"
51231,"オリーブオイル","大さじ２",514,"0000-00-00 00:00:00","0000-00-00 00:00:00"
51241,"にんにく","小さじ１",514,"0000-00-00 00:00:00","0000-00-00 00:00:00"
51251,"塩","小さじ１",514,"0000-00-00 00:00:00","0000-00-00 00:00:00"
51261,"こしょう","少々",514,"0000-00-00 00:00:00","0000-00-00 00:00:00"
51271,"スパゲッティ","160g",514,"0000-00-00 00:00:00","0000-00-00 00:00:00"
51281,"セロリ","２本",515,"0000-00-00 00:00:00","0000-00-00 00:00:00"
51291,"玉ねぎ","１個",515,"0000-00-00 00:00:00","0000-00-00 00:00:00"
51301,"レモン汁","大さじ４",515,"0000-00-00 00:00:00","0000-00-00 00:00:00"
51311,"塩","適宣",515,"0000-00-00 00:00:00","0000-00-00 00:00:00"
51321,"オリーブ油","適宣",515,"0000-00-00 00:00:00","0000-00-00 00:00:00"
51331,"生ハム","50g",515,"0000-00-00 00:00:00","0000-00-00 00:00:00"
51341,"ルッコラ","30g",515,"0000-00-00 00:00:00","0000-00-00 00:00:00"
51351,"スパゲッティ","120g",515,"0000-00-00 00:00:00","0000-00-00 00:00:00"
51361,"塩","適宣",515,"0000-00-00 00:00:00","0000-00-00 00:00:00"
51371,"こしょう","適宣",515,"0000-00-00 00:00:00","0000-00-00 00:00:00"
51381,"えび","300g",516,"0000-00-00 00:00:00","0000-00-00 00:00:00"
51391,"玉ねぎ","１個",516,"0000-00-00 00:00:00","0000-00-00 00:00:00"
51401,"アスパラ","１束",516,"0000-00-00 00:00:00","0000-00-00 00:00:00"
51411,"バター","30g",516,"0000-00-00 00:00:00","0000-00-00 00:00:00"
51421,"小麦粉","大さじ３",516,"0000-00-00 00:00:00","0000-00-00 00:00:00"
51431,"牛乳","１カップ",516,"0000-00-00 00:00:00","0000-00-00 00:00:00"
51441,"生クリーム","１カップ",516,"0000-00-00 00:00:00","0000-00-00 00:00:00"
51451,"サラダ油","大さじ１",516,"0000-00-00 00:00:00","0000-00-00 00:00:00"
51461," 塩","適宣",516,"0000-00-00 00:00:00","0000-00-00 00:00:00"
51471,"こしょう","適宣",516,"0000-00-00 00:00:00","0000-00-00 00:00:00"
51481,"しめじ","２パック",517,"0000-00-00 00:00:00","0000-00-00 00:00:00"
51491,"しいたけ","１パック",517,"0000-00-00 00:00:00","0000-00-00 00:00:00"
51501,"とりもも肉","250g",517,"0000-00-00 00:00:00","0000-00-00 00:00:00"
51511,"牛乳","２カップ",517,"0000-00-00 00:00:00","0000-00-00 00:00:00"
51521,"チーズ","大さじ２",517,"0000-00-00 00:00:00","0000-00-00 00:00:00"
51531,"玉ねぎ","1/2個",517,"0000-00-00 00:00:00","0000-00-00 00:00:00"
51541,"塩","適宣",517,"0000-00-00 00:00:00","0000-00-00 00:00:00"
51551,"こしょう","適宣",517,"0000-00-00 00:00:00","0000-00-00 00:00:00"
51561,"こしょう","少々",519,"0000-00-00 00:00:00","0000-00-00 00:00:00"
51571,"バター","適宣",517,"0000-00-00 00:00:00","0000-00-00 00:00:00"
51581,"小麦粉","適宣",517,"0000-00-00 00:00:00","0000-00-00 00:00:00"
51591,"ほうれん草","1/2束",518,"0000-00-00 00:00:00","0000-00-00 00:00:00"
51601,"玉ねぎ","1/4個",518,"0000-00-00 00:00:00","0000-00-00 00:00:00"
51611,"生クリーム","1/4カップ",518,"0000-00-00 00:00:00","0000-00-00 00:00:00"
51621,"バター","適宣",518,"0000-00-00 00:00:00","0000-00-00 00:00:00"
51631,"塩","適宣",518,"0000-00-00 00:00:00","0000-00-00 00:00:00"
51641,"こしょう","適宣",518,"0000-00-00 00:00:00","0000-00-00 00:00:00"
51651,"チーズ","40g",518,"0000-00-00 00:00:00","0000-00-00 00:00:00"
51661,"豚肉","125g",519,"0000-00-00 00:00:00","0000-00-00 00:00:00"
51671,"牛肉","125g",519,"0000-00-00 00:00:00","0000-00-00 00:00:00"
51681,"溶き卵","1/2個分",519,"0000-00-00 00:00:00","0000-00-00 00:00:00"
51691,"牛乳","大さじ３",519,"0000-00-00 00:00:00","0000-00-00 00:00:00"
51701,"玉ねぎ","1/2個",519,"0000-00-00 00:00:00","0000-00-00 00:00:00"
51711,"カレー粉","小さじ1/3",519,"0000-00-00 00:00:00","0000-00-00 00:00:00"
51721,"塩","小さじ1/3",519,"0000-00-00 00:00:00","0000-00-00 00:00:00"
51731,"チーズ","40",519,"0000-00-00 00:00:00","0000-00-00 00:00:00"
51741,"ブロッコリー","1/2個",519,"0000-00-00 00:00:00","0000-00-00 00:00:00"
51751,"こしょう","適宣",520,"0000-00-00 00:00:00","0000-00-00 00:00:00"
51761,"しめじ","100g",519,"0000-00-00 00:00:00","0000-00-00 00:00:00"
51771,"サラダ油","適宣",519,"0000-00-00 00:00:00","0000-00-00 00:00:00"
51781,"バター","適宣",519,"0000-00-00 00:00:00","0000-00-00 00:00:00"
51791,"トマトケチャップ","適宣",519,"0000-00-00 00:00:00","0000-00-00 00:00:00"
51801,"塩","適宣",520,"0000-00-00 00:00:00","0000-00-00 00:00:00"
51811,"えび","100g",520,"0000-00-00 00:00:00","0000-00-00 00:00:00"
51821,"牛乳","３カップ",520,"0000-00-00 00:00:00","0000-00-00 00:00:00"
51831,"チーズ","40g",520,"0000-00-00 00:00:00","0000-00-00 00:00:00"
51841,"バター","適宣",520,"0000-00-00 00:00:00","0000-00-00 00:00:00"
51851,"玉ねぎ","１個",520,"0000-00-00 00:00:00","0000-00-00 00:00:00"
51861,"マカロニ","50g",520,"0000-00-00 00:00:00","0000-00-00 00:00:00"
51871,"小麦粉","適宣",520,"0000-00-00 00:00:00","0000-00-00 00:00:00"
51881,"こしょう","少々",602,"0000-00-00 00:00:00","0000-00-00 00:00:00"
51891,"ご飯","１カップ",521,"0000-00-00 00:00:00","0000-00-00 00:00:00"
51901,"バター","適宣",521,"0000-00-00 00:00:00","0000-00-00 00:00:00"
51911,"玉ねぎ","1/3個",521,"0000-00-00 00:00:00","0000-00-00 00:00:00"
51921,"トマトケチャップ","大さじ1/2",521,"0000-00-00 00:00:00","0000-00-00 00:00:00"
51931,"チーズ","大さじ１",521,"0000-00-00 00:00:00","0000-00-00 00:00:00"
51941,"ハム","１枚",600,"0000-00-00 00:00:00","0000-00-00 00:00:00"
51951,"ピーマン","１個",600,"0000-00-00 00:00:00","0000-00-00 00:00:00"
51961,"1/4個","玉ねぎ",600,"0000-00-00 00:00:00","0000-00-00 00:00:00"
51971,"食パン","２枚",600,"0000-00-00 00:00:00","0000-00-00 00:00:00"
51981,"トマトケチャップ","大さじ３",600,"0000-00-00 00:00:00","0000-00-00 00:00:00"
51991,"オリーブ油","大さじ１",600,"0000-00-00 00:00:00","0000-00-00 00:00:00"
52001,"チーズ","大さじ４",600,"0000-00-00 00:00:00","0000-00-00 00:00:00"
52011,"にんにく","1/2片",601,"0000-00-00 00:00:00","0000-00-00 00:00:00"
52021,"フランスパン","50g",601,"0000-00-00 00:00:00","0000-00-00 00:00:00"
52031,"オリーブ油","適宣",601,"0000-00-00 00:00:00","0000-00-00 00:00:00"
52041,"牛肉","200g",602,"0000-00-00 00:00:00","0000-00-00 00:00:00"
52051,"卵","1/2個",602,"0000-00-00 00:00:00","0000-00-00 00:00:00"
52061,"生クリーム","50",602,"0000-00-00 00:00:00","0000-00-00 00:00:00"
52071,"玉ねぎ","1/2個",602,"0000-00-00 00:00:00","0000-00-00 00:00:00"
52081,"塩","小さじ1/2",602,"0000-00-00 00:00:00","0000-00-00 00:00:00"
52091,"パン","100",602,"0000-00-00 00:00:00","0000-00-00 00:00:00"
52101,"トマト","適宣",602,"0000-00-00 00:00:00","0000-00-00 00:00:00"
52111,"パン","２個",605,"0000-00-00 00:00:00","0000-00-00 00:00:00"
52121,"玉ねぎ","適宣",602,"0000-00-00 00:00:00","0000-00-00 00:00:00"
52131,"オリーブ油","適宣",602,"0000-00-00 00:00:00","0000-00-00 00:00:00"
52141,"レモン汁","適宣",602,"0000-00-00 00:00:00","0000-00-00 00:00:00"
52151,"卵","1/2個",603,"0000-00-00 00:00:00","0000-00-00 00:00:00"
52161,"牛乳","1/2カップ",603,"0000-00-00 00:00:00","0000-00-00 00:00:00"
52171,"強力粉","200g",603,"0000-00-00 00:00:00","0000-00-00 00:00:00"
52181,"薄力粉","100g",603,"0000-00-00 00:00:00","0000-00-00 00:00:00"
52191,"サラダ油","適宣",603,"0000-00-00 00:00:00","0000-00-00 00:00:00"
52201,"卵","１個",605,"0000-00-00 00:00:00","0000-00-00 00:00:00"
52211,"卵","２個",604,"0000-00-00 00:00:00","0000-00-00 00:00:00"
52221,"牛乳","75",604,"0000-00-00 00:00:00","0000-00-00 00:00:00"
52231,"食パン","200g",604,"0000-00-00 00:00:00","0000-00-00 00:00:00"
52241,"塩","適宣",604,"0000-00-00 00:00:00","0000-00-00 00:00:00"
52251,"こしょう","適宣",604,"0000-00-00 00:00:00","0000-00-00 00:00:00"
52261,"バター","適宣",604,"0000-00-00 00:00:00","0000-00-00 00:00:00"
52271,"卵","２個",605,"0000-00-00 00:00:00","0000-00-00 00:00:00"
52281," 酢","大さじ１",605,"0000-00-00 00:00:00","0000-00-00 00:00:00"
52291,"バター","80g",605,"0000-00-00 00:00:00","0000-00-00 00:00:00"
52301,"塩","小さじ1/3",605,"0000-00-00 00:00:00","0000-00-00 00:00:00"
52311,"レタス","２枚",606,"0000-00-00 00:00:00","0000-00-00 00:00:00"
52321,"牛肉","150g",606,"0000-00-00 00:00:00","0000-00-00 00:00:00"
52331,"トマト","1/2個",606,"0000-00-00 00:00:00","0000-00-00 00:00:00"
52341,"パン","２個",606,"0000-00-00 00:00:00","0000-00-00 00:00:00"
52351,"サラダ油","適宣",606,"0000-00-00 00:00:00","0000-00-00 00:00:00"
52361,"バター","適宣",606,"0000-00-00 00:00:00","0000-00-00 00:00:00"
52371,"小麦粉","400g",607,"0000-00-00 00:00:00","0000-00-00 00:00:00"
52381,"オリーブ油","大さじ１",607,"0000-00-00 00:00:00","0000-00-00 00:00:00"
52391,"塩","小さじ1/2",607,"0000-00-00 00:00:00","0000-00-00 00:00:00"
52401,"トマト","１個",607,"0000-00-00 00:00:00","0000-00-00 00:00:00"
52411,"にんにく","１片",607,"0000-00-00 00:00:00","0000-00-00 00:00:00"
52421,"オリーブ油","大さじ３",607,"0000-00-00 00:00:00","0000-00-00 00:00:00"
52431,"塩","適宣",607,"0000-00-00 00:00:00","0000-00-00 00:00:00"
52441,"こしょう","適宣",607,"0000-00-00 00:00:00","0000-00-00 00:00:00"
52451," チーズ","150",607,"0000-00-00 00:00:00","0000-00-00 00:00:00"
52461,"オリーブ油","適宣",607,"0000-00-00 00:00:00","0000-00-00 00:00:00"
52471,"卵","２個",608,"0000-00-00 00:00:00","0000-00-00 00:00:00"
52481,"しょうゆ","大さじ１",608,"0000-00-00 00:00:00","0000-00-00 00:00:00"
52491,"砂糖","大さじ１",608,"0000-00-00 00:00:00","0000-00-00 00:00:00"
52501,"酢","小さじ２",608,"0000-00-00 00:00:00","0000-00-00 00:00:00"
52511,"パン","２個",608,"0000-00-00 00:00:00","0000-00-00 00:00:00"
52521,"牛肉","75g",609,"0000-00-00 00:00:00","0000-00-00 00:00:00"
52531,"豚肉","75g",609,"0000-00-00 00:00:00","0000-00-00 00:00:00"
52541,"卵","1/2個",609,"0000-00-00 00:00:00","0000-00-00 00:00:00"
52551,"キャベツ","150g",609,"0000-00-00 00:00:00","0000-00-00 00:00:00"
52561,"玉ねぎ","50g",609,"0000-00-00 00:00:00","0000-00-00 00:00:00"
52571,"塩","小さじ1/3",609,"0000-00-00 00:00:00","0000-00-00 00:00:00"
52581,"こしょう","少々",609,"0000-00-00 00:00:00","0000-00-00 00:00:00"
52591,"キャベツ","２枚",609,"0000-00-00 00:00:00","0000-00-00 00:00:00"
52601,"パン","４枚",609,"0000-00-00 00:00:00","0000-00-00 00:00:00"
52611,"卵","1/2個",609,"0000-00-00 00:00:00","0000-00-00 00:00:00"
52621,"パン","４枚",610,"0000-00-00 00:00:00","0000-00-00 00:00:00"
52631,"バター","20g",610,"0000-00-00 00:00:00","0000-00-00 00:00:00"
52641,"小麦粉","15g",610,"0000-00-00 00:00:00","0000-00-00 00:00:00"
52651,"牛乳","１カップ",610,"0000-00-00 00:00:00","0000-00-00 00:00:00"
52661,"チーズ","30g",610,"0000-00-00 00:00:00","0000-00-00 00:00:00"
52671,"ハム","８枚",611,"0000-00-00 00:00:00","0000-00-00 00:00:00"
52681,"卵","1/2個",611,"0000-00-00 00:00:00","0000-00-00 00:00:00"
52691,"牛乳","大さじ３",611,"0000-00-00 00:00:00","0000-00-00 00:00:00"
52701,"小麦粉","大さじ３",611,"0000-00-00 00:00:00","0000-00-00 00:00:00"
52711,"こしょう","少々",611,"0000-00-00 00:00:00","0000-00-00 00:00:00"
52721,"小麦粉","適宣",611,"0000-00-00 00:00:00","0000-00-00 00:00:00"
52731,"サラダ油","適宣",611,"0000-00-00 00:00:00","0000-00-00 00:00:00"
52741,"キャベツ","２枚",611,"0000-00-00 00:00:00","0000-00-00 00:00:00"
52751,"パン","４枚",611,"0000-00-00 00:00:00","0000-00-00 00:00:00"
52761,"バター","適宣",611,"0000-00-00 00:00:00","0000-00-00 00:00:00"
52771,"玉ねぎ","1/8個",612,"0000-00-00 00:00:00","0000-00-00 00:00:00"
52781,"トマト","150g",612,"0000-00-00 00:00:00","0000-00-00 00:00:00"
52791,"レタス","２枚",612,"0000-00-00 00:00:00","0000-00-00 00:00:00"
52801,"パン","２個",612,"0000-00-00 00:00:00","0000-00-00 00:00:00"
52811,"バター","適宣",612,"0000-00-00 00:00:00","0000-00-00 00:00:00"
52821,"牛肉","200g",612,"0000-00-00 00:00:00","0000-00-00 00:00:00"
52831,"塩","適宣",612,"0000-00-00 00:00:00","0000-00-00 00:00:00"
52841,"こしょう","適宣",612,"0000-00-00 00:00:00","0000-00-00 00:00:00"
52851,"オリーブ油","適宣",612,"0000-00-00 00:00:00","0000-00-00 00:00:00"
52861,"玉ねぎ","１個",612,"0000-00-00 00:00:00","0000-00-00 00:00:00"
52871,"パン","２個",613,"0000-00-00 00:00:00","0000-00-00 00:00:00"
52881,"牛肉","100",613,"0000-00-00 00:00:00","0000-00-00 00:00:00"
52891,"豚肉","100",613,"0000-00-00 00:00:00","0000-00-00 00:00:00"
52901,"トマト","100",613,"0000-00-00 00:00:00","0000-00-00 00:00:00"
52911,"にんにく","小さじ２",613,"0000-00-00 00:00:00","0000-00-00 00:00:00"
52921,"玉ねぎ","1/2個",613,"0000-00-00 00:00:00","0000-00-00 00:00:00"
52931,"カレー粉","30g",613,"0000-00-00 00:00:00","0000-00-00 00:00:00"
52941,"サラダ油","大さじ１",613,"0000-00-00 00:00:00","0000-00-00 00:00:00"
52951,"塩","少々",613,"0000-00-00 00:00:00","0000-00-00 00:00:00"
52961,"こしょう","少々",613,"0000-00-00 00:00:00","0000-00-00 00:00:00"
52971,"小麦粉f","1/2カップ",613,"0000-00-00 00:00:00","0000-00-00 00:00:00"
52981,"パン","２個",614,"0000-00-00 00:00:00","0000-00-00 00:00:00"
52991,"バター","60g",614,"0000-00-00 00:00:00","0000-00-00 00:00:00"
53001,"塩","適宣",614,"0000-00-00 00:00:00","0000-00-00 00:00:00"
